ID,MONTH,LIMIT_BAL,SEX,EDUCATION,MARRIAGE,AGE,PAY_0,PAY_2,PAY_3,PAY_4,PAY_5,PAY_6,BILL_AMT1,BILL_AMT2,BILL_AMT3,BILL_AMT4,BILL_AMT5,BILL_AMT6,PAY_AMT1,PAY_AMT2,PAY_AMT3,PAY_AMT4,PAY_AMT5,PAY_AMT6,default payment next month
7,1,500000,1,1,2,29,0,0,0,0,0,0,367965,412023,445007,542653,483003,473944,55000,40000,38000,20239,13750,13770,0
16,1,50000,2,3,3,23,1,2,0,0,0,0,50614,29173,28116,28771,29531,30211,0,1500,1100,1200,1300,1100,0
53,1,310000,2,2,1,49,-2,-2,-2,-2,-2,-2,13465,7867,7600,11185,3544,464,7875,7600,11185,3544,464,0,0
58,1,180000,2,2,1,34,0,0,0,0,0,0,175886,173440,172308,168608,132202,129918,8083,7296,5253,4814,4816,3800,0
59,1,200000,2,1,2,34,-1,3,2,2,2,2,1587,1098,782,1166,700,1414,0,0,700,0,1200,0,0
79,1,30000,2,2,2,22,0,0,0,0,0,0,28387,29612,30326,28004,26446,6411,1686,1400,560,3000,1765,0,1
82,1,360000,2,1,2,26,0,0,0,0,0,-1,23411,27796,30400,33100,180000,196,4796,3400,3100,146900,196,2963,0
84,1,400000,2,2,1,44,0,0,2,0,0,0,131595,139060,126819,104430,104990,94058,10700,3,3050,3000,3200,2800,0
102,1,380000,2,1,2,30,-2,-2,-1,0,0,0,-81,-303,32475,32891,33564,34056,223,33178,1171,1197,1250,5000,0
114,1,100000,2,1,2,24,0,0,0,0,0,0,52128,52692,54477,56076,60100,59713,2000,2677,3076,5080,3000,2033,0
118,1,80000,1,2,2,26,2,0,0,0,0,0,14029,15493,16630,17055,17629,18186,2000,1700,1000,1000,1000,1000,1
129,1,50000,1,2,1,51,0,0,0,0,0,0,3347,3899,4503,5347,6375,7077,1000,1066,1300,1500,1200,134,1
141,1,240000,1,1,2,47,1,-2,-2,-2,-2,-2,0,0,0,0,0,0,0,0,0,0,0,0,1
154,1,280000,2,2,1,56,0,0,0,0,0,0,208775,182350,132257,101783,177145,169311,8042,6700,5137,100000,7000,6321,0
169,1,90000,2,2,1,35,0,0,0,0,0,2,72112,73854,75526,77317,85852,88290,3500,3500,3652,10000,4000,0,0
185,1,20000,1,2,2,25,0,0,0,0,0,-1,10642,11677,13070,12280,1615,1620,1200,1593,601,135,1824,0,0
188,1,200000,2,3,2,47,2,2,2,2,2,2,199436,202947,193936,196186,200162,189915,8214,7000,6800,7134,0,6836,1
193,1,180000,2,1,2,29,-1,-1,-1,-2,-1,0,11386,199,0,0,17227,17042,199,0,0,17227,341,5114,0
201,1,180000,2,1,1,38,-2,-2,-2,-2,-2,-2,750,0,0,0,0,0,0,0,0,0,0,0,0
209,1,80000,2,2,2,24,0,0,0,0,0,0,81625,81554,79599,49552,49509,49568,3200,3000,2038,2000,1800,1800,1
219,1,110000,2,3,0,31,0,0,0,0,0,0,89989,84229,79288,73315,63818,63208,4000,5000,3000,3000,3000,8954,0
225,1,50000,2,3,2,37,1,3,2,0,0,0,52626,51537,49205,30394,30249,29957,0,24,1500,1000,1201,30592,1
230,1,20000,2,3,2,24,1,2,0,0,0,0,19154,18165,17233,7630,1730,0,0,1333,500,100,0,3200,0
231,1,50000,2,1,2,24,0,0,0,0,0,0,35084,35796,30937,19420,10385,1308,2090,2002,1002,238,1011,389,0
238,1,210000,2,1,2,31,-2,-2,-2,-2,-1,-1,1440,0,7422,893,6082,2293,0,7422,893,6082,2293,3299,0
246,1,20000,2,2,2,40,0,0,0,0,0,-2,19816,20396,20102,19575,0,0,1601,2203,2114,0,0,0,0
288,1,440000,2,2,1,46,0,0,0,0,0,0,180641,181557,149944,113135,105280,97622,8610,6907,3727,3800,4001,2701,0
296,1,200000,1,1,2,31,0,0,0,0,0,0,194353,197344,186292,133345,133634,133990,9000,7465,4715,4804,5141,5300,0
313,1,20000,1,1,2,40,0,0,0,2,0,0,10934,13738,16567,10411,13057,14340,3000,3100,0,3000,1500,0,0
314,1,200000,2,3,1,49,-1,2,2,2,0,0,52439,51040,56205,54723,58657,59983,0,6000,0,5000,2286,3000,1
320,1,180000,1,2,2,29,1,-2,-2,-2,-2,-2,-2,-2,-2,-2,-2,-2,0,0,0,0,0,0,0
344,1,180000,1,1,1,39,0,0,-1,0,0,-1,274731,281713,242063,122295,-1005,1005,11000,145000,26000,0,101005,1898,0
347,1,100000,2,2,2,26,-1,-1,-1,0,0,0,1370,4192,4159,3542,1980,3980,4210,4159,1000,1080,2000,1525,0
360,1,260000,1,1,1,34,-1,-1,-1,-1,-1,-1,49657,291,51058,2351,34039,291,291,51058,35696,34039,291,291,0
397,1,100000,1,1,2,38,0,0,0,0,0,0,40810,42653,42351,43011,43011,28947,2502,1200,860,0,579,0,0
419,1,50000,1,2,1,48,0,0,0,0,0,0,44338,43048,35639,18753,19091,19548,3629,3332,2000,2000,2000,2500,0
421,1,30000,1,1,2,24,2,0,0,0,0,2,25265,26354,27710,27959,30002,29371,1500,1800,1007,2500,0,1800,0
448,1,180000,2,1,1,53,-1,-1,-1,0,0,-1,46122,1260,29366,5400,0,1599,1260,29366,54,0,1599,0,0
452,1,600000,1,1,1,53,2,2,0,0,0,0,467150,458862,469703,447130,440982,434715,0,18000,16000,16000,21000,20000,1
457,1,130000,1,3,2,39,1,2,2,2,2,2,71034,69329,74175,72383,77217,75820,0,6000,0,6000,0,6000,0
466,1,230000,1,1,1,59,-1,0,0,0,0,0,208459,206331,203813,201331,198999,191671,7536,7277,7100,7120,6844,6945,1
468,1,230000,1,2,2,32,0,0,0,0,0,0,28114,28006,25000,22046,19860,19831,1610,1224,655,627,620,500,0
481,1,250000,2,2,1,40,0,0,0,0,-1,2,44930,137101,90801,0,1069,919,120041,4435,0,1069,0,67619,0
495,1,80000,2,1,1,28,0,0,0,0,0,0,8574,9434,10038,10040,10400,10490,1203,1047,248,408,294,276,1
499,1,250000,2,1,1,49,-1,-1,-2,-1,-1,-1,66,0,0,120,-6,1639,0,0,120,6,1645,0,0
502,1,90000,2,2,1,35,1,2,2,2,2,2,23132,22474,28067,27320,31199,30548,0,6000,0,4500,0,2000,0
512,1,120000,2,2,2,35,-1,-1,-1,-1,-1,-1,240,240,240,240,240,240,240,240,240,240,240,240,1
515,1,20000,2,2,2,23,0,0,2,0,0,0,18355,20259,19534,16467,15746,13246,2900,10,577,430,1017,4,0
522,1,410000,2,2,2,27,1,-1,0,0,0,0,-58,32991,36465,44310,62408,61420,33049,16000,8700,18775,15000,5350,0
552,1,190000,2,1,2,41,-1,-1,-1,-1,-1,-1,28204,0,16500,0,26854,554,0,16500,0,26854,500,0,1
563,1,60000,2,2,1,42,-1,-1,-1,-1,-1,-1,631,2790,1758,416,416,3640,2790,1758,416,416,3640,730,0
566,1,250000,2,3,2,35,-2,-2,-2,-2,-2,-2,7244,8472,1738,6706,2391,11082,8514,1751,6739,2403,11137,13407,0
587,1,220000,1,1,1,43,1,-2,-2,-2,-2,-2,0,0,0,0,0,0,0,0,0,0,0,0,1
636,1,20000,2,3,1,44,-1,-1,-1,-1,-1,-2,550,228,0,228,0,0,228,0,228,0,0,0,0
667,1,70000,2,3,1,27,0,0,0,0,0,2,61611,62711,63695,63926,67361,59480,3011,3095,2000,4600,0,2258,0
690,1,80000,1,2,2,32,0,0,0,0,0,0,51372,51872,47593,43882,42256,42527,1853,1700,1522,1548,1488,1500,0
701,1,400000,2,2,2,40,-2,-2,-2,-2,-1,-1,0,8235,0,0,1524,0,8235,0,0,1524,0,385,0
708,1,30000,2,3,1,46,1,2,2,2,2,2,12289,11806,13268,12758,13549,14673,0,1970,0,1000,1500,0,0
760,1,30000,2,2,2,24,0,0,0,0,0,0,31319,31181,31540,31016,30531,30528,1564,1800,1100,1500,1500,3000,0
769,1,220000,1,2,1,40,-1,-1,-2,-2,-2,-2,158,0,0,0,0,612,0,0,0,0,612,1863,0
778,1,20000,1,2,2,26,-1,-1,-1,-1,-2,-1,1438,1261,451,-810,-420,1320,1261,451,0,780,2130,0,0
780,1,50000,2,2,2,31,1,-2,-1,-1,-1,2,0,0,190,0,36059,32851,0,190,0,36059,0,2420,0
788,1,230000,2,1,1,35,-1,-1,-1,-1,0,0,2648,191,1947,11674,16160,32519,200,1950,11692,10000,20000,6000,0
810,1,160000,2,2,0,37,0,0,0,0,0,0,2694,38433,38870,28574,27268,28021,35888,1325,891,1000,1098,426,0
814,1,300000,2,3,1,29,-1,0,0,0,0,-1,24921,21333,16212,11304,11396,6138,2000,3000,0,5000,6202,0,0
816,1,280000,2,2,1,39,0,0,2,0,0,0,213738,228963,223810,158542,162244,108143,20300,0,5600,6300,4000,4000,0
818,1,20000,2,3,2,24,-1,-1,-1,-1,-1,2,4101,507,3042,0,8402,6204,507,3042,0,8402,0,4739,0
821,1,200000,2,3,0,51,-1,-1,-1,-1,0,-1,780,0,390,780,390,390,0,390,780,0,390,390,0
825,1,40000,1,1,2,27,0,0,0,0,0,0,11058,11471,11776,12660,12660,12413,2000,1500,2330,2300,1000,2078,1
885,1,50000,1,3,2,55,0,0,0,0,0,0,51737,27121,28103,28814,29261,29878,2930,1447,1158,1041,1082,994,1
896,1,200000,1,1,2,31,-2,-2,-2,-2,-2,-2,100,100,100,100,100,100,100,100,100,100,100,100,0
909,1,50000,1,1,2,27,0,0,0,0,0,0,7010,9876,11115,12915,14415,0,3000,1500,2000,2000,0,0,0
916,1,200000,1,1,1,39,-2,-2,-2,-2,-2,-2,0,0,0,0,0,3983,0,0,0,0,3983,0,0
924,1,20000,2,1,2,24,-1,-1,2,-1,0,-1,1371,796,398,796,398,716,796,0,796,0,716,12111,0
931,1,260000,2,2,2,24,0,0,0,0,0,0,68411,60386,48663,50998,53835,56728,2500,4000,4000,3835,3805,3000,0
961,1,380000,1,1,2,43,1,2,2,-2,-2,-2,8201,7882,-2,-2,-2,-2,39,0,0,0,0,0,1
973,1,180000,2,3,1,39,2,2,2,2,2,0,10159,12689,12183,13979,13621,14809,2710,0,2000,0,2000,2000,1
1003,1,90000,2,2,1,40,-1,-1,-1,-1,-1,-1,4989,-818,1114,657,1332,780,0,2806,2256,2274,780,0,0
1025,1,310000,1,2,2,33,-2,-2,-2,-2,-2,-2,4040,4048,3959,205,3199,5104,4068,3964,205,3209,5109,1434,0
1045,1,20000,2,1,2,22,2,2,2,2,2,2,16233,20547,20542,19572,20437,19994,5383,660,0,1538,0,2658,1
1081,1,100000,2,2,2,29,0,0,0,0,0,0,61383,49560,40183,61820,8322,6182,1908,2000,1000,2000,3000,5000,0
1085,1,80000,2,2,2,23,-1,0,0,0,0,0,57314,58489,50452,51573,49061,33931,2145,2000,2012,2049,2008,1217,0
1096,1,670000,1,1,2,29,0,0,0,0,0,0,244663,243209,229265,228114,232795,237726,10000,8000,8500,8190,9000,8000,0
1100,1,110000,1,1,1,50,0,0,0,0,0,0,36802,38210,40259,41585,42913,44197,2000,3000,2000,2000,2000,2000,0
1105,1,20000,2,2,1,35,1,2,2,3,2,0,18648,18061,21034,20419,19289,19600,0,3292,0,0,781,701,1
1116,1,60000,1,1,2,27,-2,-2,-2,-2,-1,-1,11862,1856,-14,4839,9567,11407,1861,0,4853,9567,2000,0,0
1121,1,200000,2,2,2,40,2,0,0,0,0,0,176502,176297,162826,160186,161965,152361,8000,7300,6000,6000,6000,6000,1
1123,1,50000,1,2,2,26,0,0,0,0,0,0,48221,49629,48868,49668,49780,49980,2571,1200,1000,40000,1000,0,0
1148,1,360000,1,1,2,33,1,2,0,0,-1,-1,71195,60553,60158,16672,35039,8320,0,1399,0,35039,8320,5169,0
1178,1,170000,2,2,2,27,0,0,0,0,0,0,97474,78520,80131,70788,68927,70678,2932,3000,2500,3000,2900,2918,0
1189,1,480000,2,2,1,38,0,0,0,0,0,0,90258,76099,56776,37484,37906,18387,30000,1708,1292,1010,772,705,0
1198,1,130000,1,2,1,44,-1,2,0,0,0,0,29547,23154,18637,14691,8769,4166,0,1500,486,303,83,780,0
1240,1,80000,2,2,1,35,-1,-1,-1,-1,-1,0,2890,9796,13443,396,396,396,9796,13443,396,396,0,396,0
1248,1,90000,2,2,2,35,-1,-1,-1,-2,-2,-2,2667,2667,0,0,0,0,2667,0,0,0,0,0,0
1257,1,230000,1,1,2,26,-2,-2,-2,-2,-2,-2,416,371,416,416,566,416,371,461,416,566,416,0,0
1288,1,470000,1,2,1,41,-2,-2,-2,-2,-2,-1,13780,12242,32463,20621,13711,8294,12300,32520,34,68,8334,45684,0
1313,1,320000,1,2,2,32,0,0,0,0,0,0,21460,23412,25331,25741,26800,28817,3000,3000,1500,2000,3000,2000,0
1327,1,170000,1,2,1,48,0,0,0,0,0,0,137823,137199,136331,123913,122657,122225,5396,5000,5000,5000,5000,4000,0
1339,1,80000,2,1,2,23,0,0,0,-2,-2,-2,8766,4777,0,0,0,0,1600,0,0,0,0,0,0
1366,1,20000,2,2,1,47,0,0,0,0,0,2,18021,17352,17667,18187,20499,20718,1280,1293,813,2770,703,0,0
1399,1,20000,1,3,1,51,2,0,0,0,0,0,14815,15837,16852,17188,17546,17895,1264,1279,615,635,639,664,0
1402,1,30000,1,2,1,36,2,2,0,0,0,0,30573,28473,29083,28313,28932,29565,0,2000,940,1000,1106,0,0
1414,1,240000,1,2,1,30,-1,-1,-1,-1,-1,-1,2816,7608,26832,3518,1280,5900,7608,26834,3518,1280,5900,1319,0
1420,1,230000,1,3,2,27,-2,-2,-2,-2,-2,-2,19200,10000,20176,10000,10000,10000,10000,20176,200,10000,10000,10000,0
1422,1,230000,2,2,2,28,0,0,0,0,0,0,12218,17667,20345,39945,41352,11032,6000,3500,20000,2000,1500,8000,0
1432,1,70000,2,2,1,42,2,2,2,2,2,2,50886,51975,52527,53560,54653,55797,2200,2000,2500,2100,2200,2100,1
1469,1,360000,1,1,1,39,-1,-1,-1,-2,-2,-2,1761,2560,0,0,0,0,2816,0,0,0,0,2456,0
1478,1,50000,1,2,2,44,0,0,0,0,0,0,27560,19002,8542,8711,8893,9070,1159,1142,311,322,324,335,0
1508,1,200000,2,2,1,30,1,-2,-1,0,0,0,26223,-137,73284,65428,65820,2859,0,73421,1309,392,2859,1250,0
1517,1,50000,2,2,2,25,0,0,0,-1,-1,2,46528,47456,36251,438,43367,44305,1794,1021,438,43367,1800,0,0
1537,1,40000,2,3,2,24,-1,2,-1,-1,0,0,5496,698,400,25289,24435,2201,0,400,25289,0,0,1329,0
1538,1,120000,2,3,1,27,2,-1,-1,-1,2,-1,390,390,390,780,240,630,390,390,780,0,930,300,0
1543,1,120000,2,3,1,30,0,0,0,0,0,0,115583,114915,117220,119599,120888,117881,4178,4223,4296,4800,4423,4080,0
1548,1,50000,2,2,2,23,0,0,0,0,2,0,30501,33113,33967,28115,27529,29896,3113,1421,4295,0,3000,896,0
1570,1,30000,2,2,2,23,-1,0,0,0,0,-1,3226,5591,6992,20412,14427,5119,3596,2992,16500,0,5119,0,1
1580,1,120000,2,2,1,38,-1,-1,-1,-1,-1,-1,4100,7270,820,820,2870,970,7270,820,820,2870,970,820,0
1590,1,80000,2,2,1,50,-1,-1,-1,0,0,0,2587,2587,50097,48753,50000,49209,2587,50097,2000,2000,1933,1700,0
1600,1,50000,1,1,2,33,0,0,0,0,0,0,47853,49474,47822,8585,8797,9001,2412,1500,500,500,500,490,1
1612,1,300000,2,3,1,30,-1,-1,0,0,-1,-1,12090,15035,25895,16416,3972,2200,15042,25500,6000,3972,2200,0,0
1618,1,360000,1,1,1,32,-2,-2,-2,-2,-2,-2,10729,2523,-2,-2,-2,-2,2535,0,0,0,0,0,0
1642,1,100000,2,2,2,27,-1,-1,-1,-2,-2,-2,11540,1300,0,0,0,0,1303,0,0,0,0,0,0
1669,1,100000,1,2,2,30,-2,-2,-2,-2,-2,-2,914,1170,0,0,1756,0,1475,0,0,1756,0,0,0
1689,1,20000,1,2,2,23,0,0,2,0,0,0,18804,17855,17199,17548,17992,31150,2150,1000,504,600,4000,4000,0
1716,1,50000,2,2,1,26,0,0,0,0,0,0,45663,43522,43193,18768,19182,19447,2300,2349,800,835,726,361,0
1725,1,360000,1,2,2,29,0,0,0,0,0,0,114527,119487,113438,112940,122122,121547,20046,5046,10000,10048,10043,5014,0
1733,1,130000,2,3,1,33,0,0,0,0,0,0,122199,125283,120957,41771,42648,43495,5100,3085,1493,1548,1556,1700,0
1735,1,100000,2,2,1,36,-2,-2,-2,-2,-2,-2,2205,0,1983,3543,0,0,0,1983,3543,0,0,2645,0
1736,1,130000,1,2,2,37,0,0,0,-2,-2,-2,131446,102650,0,0,0,0,5000,0,0,0,0,0,0
1748,1,250000,2,2,1,31,0,0,0,0,0,0,42441,43061,29385,27677,86250,65710,4000,3000,901,63000,2700,2000,0
1751,1,260000,2,2,1,40,0,0,0,0,0,0,243196,258720,178102,77215,79331,81483,20008,7500,3000,3500,3605,3750,0
1759,1,80000,2,2,1,36,0,0,0,0,0,0,20366,21084,22411,23624,23964,25661,1352,1679,1892,870,2096,0,0
1772,1,50000,2,3,1,56,0,0,0,0,0,0,33197,34961,28913,29093,29306,29506,2407,2960,1029,1059,1073,1200,0
1775,1,120000,2,1,2,28,-2,-2,-2,-2,-2,-2,-8,2046,0,409,872,1539,2054,0,409,872,1539,580,0
1782,1,30000,2,3,1,48,0,0,0,0,0,0,27947,27035,27876,26640,25896,25481,2000,1800,1500,1500,1500,1500,0
1838,1,290000,2,2,1,40,0,0,0,0,0,0,274558,256910,229566,148812,53157,47998,10700,11014,5800,1820,2000,2000,1
1863,1,500000,1,1,1,46,0,0,0,0,0,0,407331,403816,386053,389008,392650,391336,15043,14000,14003,14011,15003,14009,0
1881,1,90000,2,3,1,40,0,0,0,0,0,0,89928,81721,76947,46589,47730,49488,3416,4142,1700,1888,2710,1500,0
1882,1,150000,2,2,1,34,2,2,2,0,0,0,39465,42829,41845,42844,43999,45110,4000,0,2000,2000,2000,2000,1
1894,1,130000,2,1,1,38,0,0,0,-2,-2,-2,64942,66775,0,0,0,0,4000,0,0,0,0,0,1
1901,1,30000,2,2,2,22,0,0,0,0,0,0,27388,29016,26941,27491,6726,0,2075,1000,550,135,0,0,0
1907,1,360000,2,2,1,42,-1,-1,-1,-1,-1,-1,22237,5683,1632,1632,22379,8901,6695,1632,1632,22379,8901,4852,0
1916,1,240000,2,1,2,29,0,0,0,-1,-1,-1,25700,28677,22081,3428,67,1832,5009,2000,5000,0,3332,0,0
1924,1,360000,2,1,2,30,0,0,0,0,0,0,139762,143515,147037,146117,145884,147645,6000,6000,4818,5000,5000,4500,0
1958,1,100000,2,2,2,37,0,0,0,0,0,0,107669,107529,73323,51125,46879,45538,3536,2821,3963,3147,2670,725,0
1982,1,80000,2,3,2,40,3,2,2,2,2,2,38503,40118,41199,42264,43083,43471,2500,2000,2000,1600,1200,2000,1
2001,1,10000,1,2,2,22,0,0,0,0,0,0,8602,8728,9721,9609,9503,9771,1158,1151,339,344,425,195,1
2032,1,320000,2,2,2,30,2,-1,-1,-1,-1,-1,416,416,416,416,1829,1833,416,416,416,1829,1833,2148,0
2069,1,30000,1,3,1,50,0,0,0,0,0,-1,28339,24232,15626,9330,4372,1419,1681,2000,0,0,1419,12000,1
2077,1,20000,1,3,1,49,-1,-1,-1,-1,-1,-1,390,678,0,780,0,378,678,0,780,0,378,0,0
2087,1,110000,1,2,1,36,2,2,2,2,2,2,57135,55648,59518,57964,66995,65762,0,4803,0,10000,0,7195,1
2100,1,50000,2,1,2,24,2,2,2,0,0,0,43379,46097,44187,43165,37967,36327,3628,8,1500,1490,1303,2000,1
2146,1,170000,1,4,1,28,0,0,0,-1,-1,-1,171098,166176,169759,11760,0,4902,14000,5695,11760,0,4902,6000,0
2173,1,50000,1,2,1,53,0,0,0,0,0,0,47824,48954,46716,18685,19076,19466,1948,1835,669,692,707,695,0
2174,1,270000,1,1,2,36,-2,-2,-2,-2,-2,-2,15986,16635,15913,14192,10559,7672,2008,1513,1019,515,302,3050,0
2209,1,80000,1,1,1,45,1,-2,-1,-1,-1,-1,-50,-440,170,-220,390,0,0,1000,0,1000,0,780,0
2228,1,20000,2,2,1,24,-1,0,0,-1,-1,-1,10361,19566,8746,3355,7143,1288,10000,1390,3355,7143,1288,0,0
2229,1,60000,2,2,2,29,0,0,0,0,0,0,53274,54093,53111,50568,47791,45421,2591,2109,1705,2010,2000,1523,0
2243,1,10000,2,2,2,22,1,2,2,2,0,0,8925,8637,10277,9736,9704,9725,0,1800,0,500,600,500,0
2264,1,80000,2,2,2,25,0,0,0,0,0,0,7536,5024,5589,6094,45342,45877,1200,1100,1000,40000,1700,1700,0
2281,1,20000,2,2,2,41,0,0,0,0,0,0,13723,14266,13305,14925,13925,9745,1500,2000,3000,4000,2000,0,0
2285,1,50000,2,3,1,49,0,0,-1,-1,-1,-1,33782,35650,390,390,46310,0,4000,390,390,46310,0,0,1
2291,1,10000,1,3,3,54,1,2,0,0,0,0,8210,7936,8792,9117,9305,9504,0,1146,471,483,502,460,0
2298,1,500000,1,1,1,37,-2,-2,-2,-2,-2,-2,0,0,0,0,0,0,0,0,0,0,0,0,1
2300,1,80000,2,2,2,33,0,-1,-1,0,-1,-1,17254,811,1533,722,811,337,1000,1533,0,900,337,1000,0
2312,1,180000,1,2,2,26,0,0,0,0,0,0,93169,58983,60506,58458,60770,61628,4500,4000,4000,4000,4000,4000,0
2320,1,30000,2,3,3,60,-1,-1,-2,-2,-1,-1,2365,-581,-581,-2054,1473,14510,0,0,0,5000,14510,0,0
2329,1,200000,2,2,2,23,-1,-1,-1,-1,-2,-1,964,-36,1000,0,0,43527,0,1036,0,0,54677,872,0
2379,1,60000,1,2,2,30,0,0,0,2,2,2,15145,16618,18475,17919,19167,18750,2000,2100,0,1500,0,1500,1
2380,1,500000,2,1,1,41,0,0,0,0,0,0,190730,194336,197284,199489,201484,204017,8501,8001,6701,6321,6401,6379,0
2396,1,110000,2,3,1,27,0,0,0,0,0,0,61152,60833,61245,47316,47175,47141,2326,3000,1807,1698,1911,1808,0
2401,1,180000,1,2,1,30,-1,-1,-1,-1,-1,-1,220,4680,0,7500,4100,0,4686,0,7500,4100,0,4500,0
2407,1,210000,2,3,1,40,0,0,0,0,0,0,201169,210942,214523,138786,140918,144099,16286,10011,5000,6000,6000,6000,0
2416,1,30000,2,2,2,24,0,0,0,0,0,0,28008,29549,30298,30046,29880,27039,2000,2000,900,1000,2000,0,0
2423,1,80000,2,3,1,39,0,0,0,-2,-1,-1,4948,3804,0,0,1715,0,1000,0,0,1715,0,0,0
2449,1,130000,2,2,1,29,0,0,0,0,0,0,18157,16520,15709,13209,14166,14025,2000,1010,1003,2040,2000,1000,0
2469,1,220000,1,1,2,31,0,0,0,0,0,0,163148,158197,158956,157953,157098,157099,5725,5971,5846,5887,5802,5895,0
2473,1,100000,2,3,1,38,0,0,0,0,0,0,62427,63922,65864,66578,69503,72346,2500,3000,2400,4000,4000,4000,0
2484,1,80000,2,2,1,23,-2,-2,-2,-2,-2,-2,780,0,390,390,390,540,0,390,390,390,540,390,1
2493,1,360000,2,1,1,39,-1,-1,-1,-1,-2,-2,7001,1224,394,-6,-6,2199,1224,394,6,0,2205,401,0
2504,1,260000,1,1,2,30,-1,-1,-1,-1,-1,-1,399,399,399,399,399,399,399,399,399,399,399,399,1
2505,1,180000,1,2,2,30,-1,-1,-1,-1,-1,-1,440,30404,0,880,150,430,30404,0,880,150,430,747,0
2534,1,70000,2,2,2,23,0,0,0,0,0,0,22658,31647,24487,25125,26651,26125,9397,1487,1039,2073,1045,1231,0
2547,1,100000,1,3,1,51,-1,-1,-1,0,0,0,54530,37295,96251,36221,36424,37791,55000,100044,2000,2000,2000,3000,0
2552,1,80000,1,2,2,28,0,0,0,-2,-2,-2,15268,5135,0,0,0,0,1315,0,0,0,0,0,0
2559,1,50000,1,2,2,39,0,0,0,0,0,0,26813,22999,17485,10588,8368,940,1708,1454,289,1508,1042,0,0
2562,1,210000,1,1,2,29,0,0,0,0,2,0,140619,144410,148555,156733,153230,155159,7000,9000,11550,0,5389,5338,0
2564,1,20000,2,2,1,32,0,0,0,0,0,0,15498,16409,17291,17588,18034,18658,1600,1600,1000,1000,1500,700,0
2566,1,250000,2,1,2,30,0,-1,2,0,0,-1,5607,9416,3421,11521,20424,7467,10000,0,10000,10000,17771,322,0
2576,1,180000,1,1,1,48,0,0,0,0,0,0,167140,160707,162477,166861,171083,169365,8000,6000,7000,7000,7000,7000,0
2579,1,200000,1,1,2,27,-1,0,-1,-1,-1,-1,9747,17230,198,875,1977,2052,10051,198,877,1982,2058,2939,0
2689,1,290000,2,1,2,30,0,0,0,0,0,0,284239,284692,230891,232778,235004,226959,11000,10000,8000,10000,8000,7500,1
2690,1,160000,2,1,2,31,-2,-2,-2,-1,-1,-1,0,0,0,150,150,150,0,0,150,150,150,178,0
2739,1,420000,2,2,1,57,-1,-1,-1,-1,-1,-1,666,2629,4352,1440,1486,2290,2629,4360,2064,1486,2290,1290,0
2753,1,30000,2,3,1,36,0,0,0,0,0,0,7963,9152,10282,10180,10394,9614,1321,1451,349,362,343,356,1
2765,1,150000,1,1,2,27,0,0,0,0,0,0,82494,83044,84752,84743,78987,65590,3100,3500,3000,5000,3000,2500,0
2786,1,50000,2,2,1,49,0,0,0,0,-1,-1,49467,41877,20082,5329,3990,2088,1472,1000,107,3990,2088,1470,0
2801,1,20000,1,3,3,46,0,0,0,0,0,-2,15523,17264,18325,15680,0,0,2000,1500,500,0,0,0,0
2815,1,50000,2,1,2,26,-1,-1,-1,-1,-1,-1,750,0,3116,302,0,5778,0,3116,302,0,5778,200,0
2835,1,230000,2,1,1,37,-1,-1,0,0,0,0,400,20123,20590,20029,17198,5177,20123,1256,1000,1000,500,801,0
2837,1,240000,2,2,3,39,0,0,0,0,0,0,171907,171394,68907,70164,70672,69581,7200,3000,3000,2509,3000,2500,0
2841,1,210000,2,2,2,32,-1,0,0,0,-1,-1,1952,2787,6316,6504,326,89599,1526,4000,514,326,89599,3292,0
2847,1,350000,2,1,2,31,0,0,0,0,0,2,181550,177978,164481,198545,232543,165288,10000,20000,100048,60000,0,5000,0
2864,1,50000,1,2,1,37,0,0,0,0,0,0,15175,16505,17516,17926,18487,19029,1579,1590,1000,1000,1000,1200,0
2875,1,20000,1,2,2,25,0,0,0,0,0,0,13610,14160,15200,14800,17800,10000,1360,1400,0,3000,200,0,0
2879,1,150000,2,1,2,26,0,0,0,0,0,0,101569,103688,107321,106614,108805,111012,3756,5350,2562,2629,2669,2739,0
2890,1,50000,1,3,2,46,0,0,0,0,0,-1,5942,5444,2464,2521,-1,167,1056,1000,57,0,168,1002,0
2896,1,200000,1,1,1,43,1,2,0,0,0,0,203393,198272,120005,121023,128387,130960,0,5812,4500,9352,4700,5000,1
2921,1,50000,1,3,1,53,0,0,0,0,0,0,49466,50544,25381,9652,9464,9248,2442,1669,330,1342,330,430,0
2934,1,110000,2,2,1,28,0,0,0,0,0,0,3242,4095,4296,5043,5194,6110,1300,1054,1000,1000,1000,1500,0
2937,1,100000,1,2,2,29,0,0,0,-2,-2,-2,65324,11860,0,0,0,0,2106,0,0,0,0,0,0
2967,1,50000,1,3,1,46,0,0,0,0,0,0,49083,27822,28702,29119,29240,28664,1463,1733,1150,1480,1200,3135,0
2983,1,170000,2,1,2,30,-2,-2,-2,-2,-2,-2,3733,1958,5956,1836,3959,1285,1958,5956,1842,3959,1285,0,0
2991,1,50000,2,3,1,52,1,2,0,0,2,2,30505,29731,31062,33231,33736,33042,0,1831,3000,1182,0,1228,1
2997,1,210000,2,2,1,27,2,2,0,0,0,0,174134,167095,161573,122362,116243,108414,16,6800,3800,5134,4000,4000,1
3000,1,50000,2,2,3,52,0,0,0,0,0,0,50671,50525,38240,18443,20065,20296,1844,1292,804,5717,823,1299,0
3011,1,210000,2,2,2,32,0,0,0,2,0,0,85965,88586,94412,92195,92491,94369,4000,7500,0,3000,5000,5000,0
3070,1,30000,1,3,2,38,1,2,0,0,0,0,30771,29975,27541,27785,28839,29412,0,2000,1000,1500,1052,591,0
3089,1,360000,2,3,2,27,1,-2,-2,-2,-2,-2,0,0,0,0,0,0,0,0,0,0,0,0,0
3092,1,320000,2,2,1,41,0,0,0,0,0,0,49846,53811,38717,35409,35036,35939,5000,2000,2000,3000,3000,1500,0
3098,1,280000,2,1,1,37,-1,-1,-1,-1,-1,-1,3915,6686,3719,11013,21011,29459,6691,85,11045,21012,29460,10284,0
3099,1,50000,2,3,1,50,0,0,0,0,0,0,38499,39216,15554,8704,8904,4687,1743,1021,200,200,100,0,0
3102,1,280000,1,2,2,28,-2,-2,-2,-2,-2,-2,1799,1768,1848,-8,1601,-3,1782,1857,0,1609,3,1077,0
3116,1,200000,1,2,1,46,-1,2,-1,-1,2,-1,7340,5980,4486,9790,4944,4696,0,4486,10000,0,4696,4696,0
3119,1,60000,2,2,1,43,0,0,0,0,0,0,57033,58994,59732,36914,37684,38613,2880,2473,1322,1366,1554,1369,0
3124,1,210000,1,1,2,30,-1,-1,-1,0,-1,-1,462,562,1864,932,932,1014,1032,2234,0,932,1014,1000,0
3143,1,170000,2,1,1,41,0,0,0,0,0,0,165602,138507,136176,61000,59477,44218,80000,4742,2022,2076,1776,10433,0
3144,1,70000,2,2,1,41,2,2,2,2,2,2,50241,51145,50022,53390,54579,55722,2000,0,4200,2200,2200,2200,1
3169,1,20000,1,2,2,33,-1,0,0,0,0,0,3010,1603,19980,19983,20066,19855,1272,19288,681,917,1000,889,0
3177,1,160000,1,2,2,28,-1,-1,-1,-1,-1,-1,1390,550,550,550,550,550,550,550,550,550,550,550,0
3186,1,30000,1,1,2,28,-1,2,2,0,0,0,1190,2107,1098,1098,1248,982,1098,0,0,982,150,0,1
3188,1,360000,1,1,1,52,1,-2,-2,-2,-2,-2,0,0,0,0,0,0,0,0,0,0,0,0,1
3203,1,70000,2,1,2,25,0,0,0,0,0,0,71106,67954,68976,49145,49688,47780,3292,3290,1706,1759,1729,1717,0
3207,1,300000,2,1,1,37,-1,-1,0,-1,-1,-1,3144,5688,2297,3115,3172,1589,5734,2018,3138,3187,1597,2394,0
3218,1,320000,1,3,2,52,0,0,0,0,0,0,31858,33562,35119,36886,38756,40543,5000,5000,5000,5000,5000,5000,0
3221,1,310000,2,1,2,36,-2,-2,-2,-2,-2,-2,0,298887,0,0,0,0,298887,0,0,0,0,199417,0
3226,1,20000,2,3,1,44,0,0,2,0,0,-2,17095,19112,17980,18780,0,0,3000,0,1000,1000,0,0,0
3238,1,60000,2,2,1,38,0,0,0,0,0,0,45972,49874,47329,35587,36193,29978,5000,5000,5000,5000,5000,15000,0
3242,1,200000,1,3,1,40,2,0,0,2,2,2,91368,92989,99704,101169,103401,109831,4000,8300,4000,4000,8300,0,1
3258,1,360000,1,2,1,65,1,-2,-2,-2,-2,-2,0,0,0,0,0,0,0,0,0,0,0,0,1
3259,1,530000,1,1,2,32,-2,-2,-1,0,0,0,12451,24095,15688,24511,12144,34963,24120,15791,12808,8090,34110,90231,0
3283,1,110000,2,3,1,52,1,-2,-1,-1,-2,-2,0,0,1000,0,0,0,0,1000,0,0,0,0,0
3291,1,80000,2,2,2,24,-1,-1,-2,-2,-2,-2,2346,0,0,0,0,0,0,0,0,0,0,0,1
3293,1,120000,1,3,1,53,-1,-1,-1,-1,-1,-1,291,291,0,582,291,0,291,0,582,291,0,582,0
3314,1,260000,1,1,2,27,-1,-1,-1,-1,0,-1,868,1317,1757,31741,3842,2450,1320,1770,31744,1,2606,291,0
3323,1,160000,2,1,2,24,0,0,-2,-2,-2,-2,37000,0,0,0,0,0,0,0,0,0,0,0,0
3344,1,300000,2,2,1,27,0,0,0,0,0,0,286321,283547,578971,293063,296677,230338,20000,12003,10524,11238,8814,9463,1
3370,1,20000,1,3,2,35,-1,3,2,0,0,0,8918,8634,8280,11500,9000,0,0,0,4000,7000,0,0,0
3387,1,360000,1,1,2,29,-1,-1,-1,-1,-1,-1,5143,2092,1864,969,2500,0,6159,1870,969,2500,0,0,0
3395,1,90000,1,1,2,33,-1,-1,2,-1,-1,2,1650,721,421,2754,309,159,721,0,2833,1000,0,2000,0
3402,1,130000,1,2,2,28,0,0,0,0,0,0,113613,112867,92617,94896,92347,94323,5847,3413,3872,3465,3627,5000,0
3405,1,80000,2,2,1,30,0,0,0,0,0,2,42755,45053,46104,48327,53549,52457,3000,1800,3000,6000,2900,2000,0
3415,1,340000,2,2,1,43,-2,-2,-2,-2,-2,-2,33245,249,27476,0,0,24272,249,27477,0,0,24272,11008,0
3416,1,200000,2,2,1,37,0,0,0,0,0,0,184144,189158,190569,191730,171269,151550,8017,8000,8000,9000,7000,6000,0
3419,1,50000,1,3,1,54,2,0,0,-1,0,0,55518,52931,55122,33975,18827,19222,3000,4000,53083,1268,708,664,0
3427,1,360000,2,1,1,46,0,-1,0,0,0,0,42094,10594,31532,46342,56571,65268,10600,30000,20000,15000,10000,10000,0
3429,1,150000,2,1,2,42,1,-2,-2,-2,-2,-1,-874,-874,-874,-874,-874,4126,0,0,0,0,5000,0,0
3434,1,20000,1,1,2,22,0,0,0,0,0,0,14677,16625,17924,18674,15452,15882,3004,3006,3007,489,2110,2201,0
3448,1,150000,2,1,2,26,-1,-1,-1,-1,-1,-1,1551,2961,4175,1707,4492,6149,2990,4175,1707,4492,6149,34672,1
3460,1,230000,1,2,2,30,0,0,2,0,0,0,38651,45681,44652,48540,52477,56506,8000,0,4970,4907,4936,5024,1
3479,1,500000,2,1,2,36,-1,-1,-1,-1,-1,-1,10935,4079,3943,3338,1224,31022,4081,4283,3338,1224,31022,1088,0
3531,1,100000,2,3,1,24,-1,-1,-1,-1,-1,-2,440,470,470,470,0,0,500,470,470,0,0,0,0
3535,1,100000,2,3,1,40,0,0,0,0,0,0,48923,48404,46266,45405,44723,42934,2084,1973,1708,1728,1621,1359,0
3552,1,500000,1,1,1,46,-1,-1,-1,-1,-1,-1,3580,18785,10742,37171,6192,31453,18785,10742,37171,6192,31453,12333,0
3571,1,180000,2,1,2,35,0,0,0,0,0,0,66376,67033,68862,71970,69843,67219,5000,4000,5000,3000,2700,3000,0
3585,1,140000,2,3,1,28,0,0,0,0,0,0,25184,27742,30129,21477,26097,24767,5000,3011,5000,5000,3000,5000,0
3595,1,500000,2,2,1,42,0,0,0,0,0,0,506787,487049,478965,401635,423136,422271,21000,17414,12000,30000,18000,11000,1
3604,1,500000,1,1,2,35,1,-1,-1,-1,-1,-1,-453,1168,1215,6461,2567,735,2336,1215,6461,2567,1470,11605,0
3611,1,210000,2,1,2,28,0,0,0,0,0,0,204191,204530,185587,136410,140051,142976,9000,9007,5254,6000,5500,5000,0
3617,1,10000,1,1,2,29,0,0,0,0,0,0,10208,8598,7100,9305,9805,5720,1500,1000,4000,500,2500,0,0
3620,1,350000,2,1,1,33,-2,-2,-2,-2,-2,-2,16414,693,693,1144,-4618,-8026,693,0,1144,4279,0,0,1
3641,1,50000,1,3,2,41,2,2,2,2,3,2,29368,28612,31623,33393,32587,31914,0,3500,2589,0,0,1332,0
3651,1,280000,2,2,1,34,0,0,0,0,0,0,82691,75867,76835,70722,60694,62032,3500,3200,2500,2400,2500,2500,0
3667,1,390000,1,1,2,31,0,0,0,0,0,0,381453,375926,363787,291427,260026,178599,15024,30002,15052,10507,25001,25082,0
3689,1,280000,2,2,2,27,1,2,0,0,0,0,297192,284462,283374,238039,234017,145132,0,11143,7300,6024,6000,3500,0
3693,1,360000,1,2,2,33,1,-2,-2,-2,-2,-2,0,0,0,0,0,0,0,0,0,0,0,0,1
3706,1,80000,2,3,2,34,1,-2,-2,-2,-2,-2,0,0,0,0,0,0,0,0,0,0,0,0,0
3707,1,110000,1,2,1,30,0,0,0,0,0,0,107372,109156,111795,54358,58499,61445,5000,5000,3000,5000,6000,3000,0
3719,1,20000,2,2,1,47,0,-1,-1,-1,-1,0,1343,1547,1539,1066,18187,18212,1547,1539,1066,18660,771,1000,0
3736,1,80000,1,2,2,33,1,2,0,0,0,0,19073,16106,57525,54990,52458,54093,3895,50000,2000,2000,2344,1235,0
3742,1,40000,1,2,1,47,1,2,2,3,2,0,37611,36726,40985,40085,39354,40322,0,4898,0,0,1800,3000,0
3748,1,200000,1,1,1,43,-1,-1,-1,-1,-1,-1,1144,2480,3372,1081,2384,6595,2506,3380,1085,2394,6601,29708,0
3749,1,80000,1,2,2,32,0,0,0,0,0,-1,81115,77649,40630,23697,6557,32763,5000,1200,0,5000,37000,3000,0
3765,1,510000,1,1,1,41,-1,-1,-1,-1,-1,-1,3196,16447,3317,10771,5552,2253,16447,3317,10771,5552,2253,96,0
3767,1,100000,2,2,1,40,2,2,2,2,2,2,47243,48294,49213,49827,51005,53142,2000,1900,1600,2000,3000,0,1
3769,1,180000,2,1,2,29,-2,-2,-2,-2,-2,-2,0,0,0,0,0,0,0,0,0,0,0,0,0
3805,1,30000,1,2,2,25,0,0,0,0,-1,-1,29745,16309,5235,3122,11446,1914,2500,1517,2000,11446,1914,6699,1
3806,1,140000,2,2,1,27,1,2,2,0,0,0,139058,140243,132693,135638,132105,134851,4900,0,5200,5000,5100,4800,0
3822,1,200000,2,1,2,41,-2,-2,-2,-2,-2,-2,5954,10464,7165,6946,9776,2007,10464,7165,6966,9776,2007,1603,0
3864,1,30000,1,2,2,39,1,2,2,0,0,0,1623,2441,3244,4034,4812,6210,1000,1000,1000,1000,1500,0,1
3867,1,60000,2,3,1,39,2,0,0,2,0,0,29565,31123,34134,23552,24020,26615,3000,3638,0,1000,3000,0,1
3883,1,200000,1,1,1,34,-1,-1,-1,-1,0,0,5392,1938,4819,13074,2070,0,1938,4819,13074,0,0,790,0
3886,1,390000,1,1,2,35,-1,-1,-1,0,0,0,30356,32910,78686,63021,41653,24679,33074,78772,1371,919,13770,183622,0
3896,1,30000,2,2,2,22,0,-1,2,-1,-1,-1,1924,7096,2982,1732,3836,2461,7096,0,1732,3836,2461,3704,0
3913,1,80000,1,2,1,26,0,0,0,0,0,0,67692,63789,65771,28690,29137,29569,2763,3500,900,700,700,700,0
3923,1,20000,2,3,1,42,0,0,0,0,0,0,17775,18974,18586,18957,19374,19583,1500,1285,656,699,2000,1286,0
3934,1,20000,1,2,1,32,0,0,0,0,0,0,16849,17618,18194,17759,18759,5340,1434,1400,355,1000,126,450,0
3974,1,360000,1,1,2,29,-1,-1,-1,-1,0,-1,1360,7995,-7,3651,2085,1102,8035,0,3658,10,1107,584,0
3979,1,10000,1,2,2,22,0,0,0,0,0,0,9358,7926,9310,9500,9700,10000,1216,2800,190,200,300,0,0
3989,1,300000,1,3,2,64,-1,-1,-1,-1,-1,-1,1068,1168,1005,1372,1610,1355,1168,1005,1372,1610,1355,1426,0
3998,1,60000,1,2,2,26,0,0,0,0,0,0,40171,37274,30203,30809,33323,33190,1491,2000,1092,3000,1353,2000,0
4013,1,360000,1,1,2,29,-2,-2,-2,-2,-2,-2,3206,2347,3770,3466,1630,2931,2358,3788,3483,1638,2946,16950,0
4031,1,100000,2,2,2,26,0,0,0,0,0,0,98542,82569,87486,84536,76008,69865,3326,8003,2745,2689,2896,2731,0
4062,1,240000,1,1,1,50,-1,-1,-2,-2,-2,-2,2115,0,0,0,0,0,0,0,0,0,0,0,0
4065,1,50000,2,3,2,31,2,2,2,0,0,0,26411,28902,28139,28697,35084,29983,3231,0,1026,1063,1397,6212,1
4073,1,360000,1,1,1,35,-1,-1,-1,-1,-1,-1,11936,21865,3366,5210,13308,7089,21983,4567,5236,13373,7123,5510,0
4090,1,200000,2,1,1,37,1,-2,-2,-2,-2,-2,0,0,0,0,0,0,0,0,0,0,0,0,1
4098,1,120000,2,3,2,46,0,0,0,0,0,0,116697,108828,101417,89852,91503,89571,4200,4715,3200,3010,3772,3464,0
4103,1,240000,2,1,2,36,-1,-1,2,0,-1,2,5367,6959,6649,5149,13750,5777,6959,15,0,7013,0,726,1
4139,1,50000,2,1,2,26,0,0,0,0,0,0,48150,47684,47528,48525,45790,46764,1797,2113,2500,1742,1817,2000,0
4149,1,70000,2,2,1,44,0,0,0,0,0,0,68687,69531,71271,70712,50793,50605,2545,2918,6329,1996,1977,1975,0
4159,1,150000,2,1,2,40,-1,-1,-1,-2,-1,-1,800,2400,0,0,1000,0,2400,0,0,1000,0,0,0
4178,1,60000,2,1,2,27,0,0,0,0,0,0,61015,58160,51237,29999,28972,29444,3016,5011,1005,1000,14000,3104,0
4193,1,50000,2,2,2,51,2,0,0,2,2,2,10728,11751,13247,12737,13732,13362,1504,2000,0,1200,0,494,1
4198,1,160000,2,2,2,25,-1,-1,-1,-1,-1,-1,21570,7501,10703,12448,2129,24461,7545,10841,12448,2141,24603,16897,0
4217,1,180000,1,2,2,24,-2,-2,-2,-2,-1,2,2294,1290,2109,600,476,326,1296,2120,901,476,0,326,0
4218,1,50000,1,2,2,33,1,2,2,2,2,2,40159,41323,40364,42781,41966,48865,2100,0,3400,0,7800,0,1
4230,1,30000,2,2,1,49,0,0,0,2,0,0,2273,2127,2552,1992,1583,1320,2000,1300,0,0,150,0,1
4231,1,290000,1,3,1,41,-2,-2,-2,-2,-2,-2,-4,-4,798,-2,494,-6,0,802,0,496,0,1292,0
4236,1,150000,1,2,1,32,0,0,0,0,0,0,143706,140120,138520,139329,142149,111435,6010,5007,5016,10101,5006,4015,1
4239,1,70000,2,2,1,29,0,0,0,0,0,0,1929,2948,3960,4038,4123,4264,1054,1066,144,150,210,500,0
4244,1,80000,1,3,2,66,0,0,0,0,0,0,58592,52465,16937,15159,12195,0,2912,3000,3000,3000,0,0,0
4276,1,270000,1,2,1,34,2,0,0,0,0,0,275572,277585,232661,150298,134808,129645,10332,10000,18021,8026,6011,5000,1
4322,1,70000,2,2,1,30,0,0,0,0,0,0,8432,9596,10637,11965,12178,13962,1300,1200,1507,1000,2000,1000,0
4327,1,150000,1,1,1,41,-1,-1,-1,-1,0,0,390,390,390,15080,780,0,390,390,15080,0,0,0,0
4347,1,30000,2,3,1,44,-1,-1,2,0,0,0,1072,5122,4440,4050,3660,3660,4440,0,0,0,0,0,0
4363,1,280000,1,1,2,33,-2,-2,-2,-2,-2,-2,640,-160,32060,3901,1276,-2,0,32220,3920,1282,2,3446,0
4383,1,40000,2,2,1,51,0,0,0,0,0,0,144397,147924,26974,22710,37977,39347,3988,2014,799,32001,2000,1000,1
4384,1,180000,2,1,2,27,-2,-2,-1,-1,-1,0,12275,6491,37424,0,5758,18091,6491,37433,0,5758,18000,1000,0
4392,1,170000,1,2,1,39,0,0,0,0,0,0,143339,125864,112300,110371,113685,98489,20000,6000,5000,5000,3000,2000,0
4401,1,50000,1,3,2,54,-2,-2,-2,-2,-2,-2,0,0,0,0,0,0,0,0,0,0,0,0,0
4408,1,50000,1,2,2,27,0,0,0,0,0,0,50902,50716,49179,19747,19726,20140,2128,2300,1004,730,700,800,0
4413,1,140000,1,3,1,39,0,0,0,0,0,0,136918,128636,127237,94159,95794,89345,5000,5900,4000,3000,5000,3000,0
4425,1,250000,2,3,3,49,1,2,2,0,0,0,260260,262132,240448,186817,185488,184091,13000,0,6672,7000,7000,9000,0
4434,1,290000,2,1,2,46,0,-1,-1,-1,-1,0,289002,1332,21429,2228,156721,157203,1343,21542,2239,156733,7219,17512,0
4451,1,20000,1,3,1,36,0,0,0,0,0,0,18839,19919,20042,20204,19662,14218,1690,1203,755,701,600,115,0
4518,1,50000,1,1,2,38,-1,-1,-1,-1,-1,-1,390,390,390,390,390,5010,390,390,390,390,5010,390,1
4519,1,470000,2,2,2,40,0,0,0,0,0,0,277185,282983,290274,294508,300646,306652,10257,11982,10536,10879,10971,11326,0
4524,1,500000,2,1,1,33,-1,-1,-1,-1,-1,-1,1110,1110,1416,1416,1416,1416,1110,1416,1416,1416,1416,5723,0
4525,1,150000,2,2,1,36,-2,-2,-2,-2,-2,-2,48020,50048,88831,1931,26265,0,8000,40146,1941,26396,0,0,0
4538,1,20000,1,1,2,56,1,-2,-1,0,0,2,0,0,17901,18217,20269,11180,0,17901,519,2210,0,0,0
4546,1,250000,2,2,1,38,0,0,0,0,0,0,255571,250002,253610,234205,238892,252563,10605,9327,8362,9000,18244,0,0
4577,1,90000,2,1,2,29,1,-1,-1,-2,-2,-2,0,194,0,0,0,0,194,0,0,0,0,217,0
4600,1,290000,2,3,2,32,0,0,0,0,0,0,21981,24610,27009,26671,24826,22287,3000,3000,3000,3000,3000,3000,0
4633,1,30000,2,2,1,30,0,0,0,-2,-2,-2,14451,15525,0,0,0,0,1525,0,0,0,0,0,0
4655,1,50000,2,2,1,54,0,0,0,0,0,0,49320,49724,50218,18983,17435,17057,1925,2152,800,610,620,900,0
4660,1,100000,2,2,1,50,2,2,2,2,2,2,44078,45077,47837,48678,48420,48888,2000,3841,1900,1900,1800,2000,1
4669,1,80000,1,2,2,42,0,0,0,0,0,0,75264,75919,78078,28868,29174,29444,3200,4613,1100,1500,1500,966,0
4679,1,170000,1,3,1,29,0,0,0,0,0,0,165027,168990,172307,35234,32869,33862,7200,7500,1200,1200,1500,1300,0
4688,1,250000,1,1,2,30,-2,-2,-2,-2,-2,-2,2729,2538,6244,1297,1763,1907,2543,6247,1300,1766,1912,1000,0
4709,1,20000,2,2,1,37,0,0,0,0,0,0,17843,18833,17830,18184,18565,19076,1280,1276,630,653,798,581,0
4712,1,130000,2,3,1,42,0,0,0,0,0,0,127524,127839,128380,97713,96245,95779,5051,5101,3600,3501,3800,3412,0
4718,1,60000,2,2,1,33,0,0,0,0,0,0,54660,49907,44057,27510,28086,29119,1879,1500,1000,1019,1500,1000,0
4733,1,80000,2,1,2,23,0,0,0,0,-2,-2,71487,55641,24987,-600,-600,-600,2157,1500,0,0,0,0,0
4743,1,90000,2,2,2,24,1,-2,-2,-2,-2,-2,0,0,0,0,0,0,0,0,0,0,0,0,1
4760,1,180000,2,1,1,45,0,0,0,2,0,0,18472,20546,24956,24262,24782,26208,2690,5100,0,1058,2000,3000,0
4799,1,480000,1,1,2,49,0,0,0,0,0,0,456668,424843,325772,320760,325841,331602,14706,15377,10481,11003,11303,11329,0
4805,1,50000,1,2,1,38,0,0,0,0,0,0,22619,19055,20161,20553,18933,18855,2000,2000,1000,1000,1000,2000,0
4838,1,80000,1,2,1,33,0,0,0,0,0,0,22064,22338,23352,23301,23900,24965,1700,1700,1000,1500,2000,2000,0
4848,1,50000,1,3,1,54,1,2,2,0,0,2,49271,24982,25142,15498,16613,16197,1000,1000,1000,1366,0,1552,0
4849,1,100000,2,2,1,42,0,0,0,0,0,0,65917,67673,66292,67793,67182,66132,4000,3000,2500,3000,2500,2500,0
4875,1,210000,2,2,3,52,-1,-1,-1,-1,0,0,815,815,815,910,58095,37684,815,815,910,58000,1500,2000,0
4894,1,160000,2,2,2,28,3,2,2,2,2,2,110819,107629,113902,115543,118353,116298,0,9600,5000,4800,0,3900,1
4895,1,100000,2,2,1,38,1,-1,-1,-2,-2,-1,0,199,0,0,0,150,199,0,0,0,150,550,0
4902,1,20000,2,3,1,50,0,0,2,0,0,0,8612,8862,8992,9452,10520,11320,2202,500,1000,2000,800,0,0
4938,1,180000,1,1,1,37,0,0,0,0,0,-2,15288,16534,18100,19900,-100,-100,1500,2000,2000,0,0,0,0
4940,1,210000,1,2,2,26,0,0,0,0,0,0,92083,88001,90533,93027,96524,100765,4000,4000,4000,5000,6000,23500,0
4948,1,420000,1,1,1,59,0,0,0,0,0,0,175795,160687,139704,100178,62967,49259,5300,4976,4899,3074,2023,3000,0
4964,1,180000,2,1,2,42,-1,0,0,0,0,0,4314,5495,54903,56458,58616,55032,2500,50000,3000,3000,2000,2500,0
4984,1,200000,2,1,2,30,0,0,0,0,-2,-2,199229,132458,59153,0,0,0,6101,3500,0,0,0,0,1
5002,1,500000,1,1,1,45,-1,-1,-1,-1,-1,-1,5307,6583,5650,4472,67798,65653,6616,5678,4495,67969,65814,38464,1
5022,1,460000,2,1,2,38,0,0,0,0,0,0,296815,283744,273414,250033,238734,226905,10279,10084,9025,9036,8526,7272,0
5024,1,170000,1,2,1,37,-2,-2,-2,-2,-2,-2,326,326,326,326,326,324,326,326,326,326,324,2,0
5030,1,380000,1,1,1,53,-1,0,0,-1,-1,0,4901,22010,2302,20798,16394,26002,22000,2300,9947,16400,18000,7400,0
5033,1,20000,2,1,2,23,0,0,0,0,0,0,14605,14532,15700,16346,16837,18298,2000,2000,1000,1000,2000,2000,0
5036,1,400000,1,2,1,45,0,0,2,0,0,2,337135,373869,366338,374255,409777,527566,44000,0,14000,42000,126000,18000,0
5047,1,210000,2,1,2,30,0,0,0,0,0,0,52771,64767,57527,56655,50745,53269,44767,10000,2655,5745,3269,1500,0
5048,1,220000,2,2,2,52,0,0,0,0,0,0,127624,125718,125917,124683,127890,131520,6046,5600,5000,8000,6000,3736,0
5081,1,30000,1,3,2,59,1,2,0,0,0,0,13486,12984,13991,14114,14406,14692,0,1528,651,668,674,683,1
5085,1,140000,1,3,1,45,2,2,2,2,2,2,134073,130521,137328,136280,136247,134089,0,10707,5014,5091,4608,42,1
5104,1,240000,2,1,1,33,-2,-2,-1,0,-1,-1,9187,4740,5240,7795,3771,1891,5005,5240,4101,3771,1891,46438,0
5115,1,180000,2,1,2,24,0,0,0,0,0,0,130780,121531,112378,93411,95559,94356,4700,4500,3300,3600,3900,3500,0
5120,1,500000,2,2,1,47,0,0,0,0,0,0,182516,104838,112662,66679,70090,73728,5000,10000,5000,5000,5000,5000,0
5123,1,50000,2,2,2,23,0,0,0,2,0,0,20821,11864,13094,12434,12429,12505,1190,2000,0,600,594,610,0
5151,1,20000,1,2,1,36,1,2,2,0,0,0,5566,6527,6274,6470,7366,8044,1200,0,300,1000,800,0,1
5169,1,230000,2,5,1,32,-1,-1,-1,-1,-2,-2,11000,0,8100,-2900,-2900,-2900,0,8100,0,0,0,110256,0
5182,1,200000,2,2,1,47,-1,-1,0,0,0,0,528,13921,14943,14692,14733,14820,13921,1528,500,528,655,284,0
5213,1,210000,1,1,2,28,1,-2,-2,-2,-2,-1,0,0,0,0,0,8270,0,0,0,0,8270,0,0
5222,1,50000,2,2,1,24,0,0,0,0,0,0,48928,32646,31428,24880,26098,26886,2000,3505,2000,8000,4000,3650,1
5239,1,380000,1,1,1,32,0,0,0,0,0,0,53369,73954,35199,31136,28839,14584,30307,5044,5036,5081,2022,2026,0
5250,1,390000,2,1,2,32,0,0,0,0,0,0,22008,23645,24947,26223,27643,29025,2000,2000,2000,2000,2000,2000,0
5251,1,20000,2,2,2,40,0,0,0,0,0,0,6689,7723,8730,8936,8994,9244,1300,1294,500,350,400,400,0
5262,1,50000,2,2,1,36,0,0,0,-1,-1,-1,27433,12916,6509,4417,0,4331,1161,1000,5254,4166,8497,4679,0
5268,1,160000,2,2,1,40,-1,-1,-1,-1,-1,-1,671,671,671,671,671,1492,671,671,671,671,1492,0,0
5271,1,20000,2,5,2,37,0,0,0,0,0,0,6725,7843,10600,18660,7060,0,2000,3000,8060,0,0,0,0
5275,1,20000,1,1,2,24,-1,-1,-1,-1,-2,-2,10283,0,750,0,0,0,0,750,0,0,0,0,1
5283,1,140000,2,2,1,33,0,0,0,0,0,0,133094,132777,131672,133496,128509,124035,5005,4603,5002,4505,4400,4300,0
5293,1,50000,1,2,1,47,0,0,0,0,0,0,49032,48764,49521,48830,49728,50146,2599,2556,1665,1600,1800,2000,0
5305,1,150000,2,1,1,38,-1,-1,-1,-1,-1,-1,110,564,13347,13155,10610,8394,567,13504,13221,10663,8436,2468,1
5314,1,80000,2,1,1,50,1,-2,-2,-2,-2,-2,0,0,0,0,0,0,0,0,0,0,0,0,0
5321,1,500000,1,2,2,30,-1,-1,-1,-1,-1,-1,869,2496,1924,976,986,1200,2507,1933,980,990,1206,1069,0
5336,1,50000,2,1,1,38,0,0,-1,-1,-1,-1,19926,21658,3445,99,949,137,4158,3500,1000,1000,200,900,1
5340,1,100000,2,2,1,41,2,0,0,0,0,0,71978,73715,74621,72567,77231,78780,3500,2800,3000,6000,3000,2000,0
5352,1,500000,1,1,1,36,-1,-1,-1,-1,-1,-1,25334,6834,2914,-341,38853,0,6867,2929,0,39194,0,0,0
5364,1,500000,2,2,1,52,-1,-1,-1,-1,-1,-1,7593,8660,0,30498,1174,0,8677,0,30498,1174,0,800,0
5379,1,150000,1,2,2,26,0,0,0,0,0,0,144614,146446,122634,74711,76532,76452,6700,3764,2700,3000,3000,2800,0
5383,1,40000,2,2,1,38,0,0,0,0,0,0,38491,36881,37968,36155,36933,37666,3000,2000,1500,1500,1500,2000,0
5390,1,200000,2,1,2,35,0,0,0,0,0,0,75203,77949,74865,72766,70444,69003,4000,4000,5012,4000,3000,4000,0
5402,1,500000,1,1,1,58,-1,-1,-1,0,-1,-1,7285,28390,13138,6653,7081,4651,28730,14587,28,7114,4672,3114,0
5410,1,150000,1,3,1,45,-1,0,-1,-1,-1,-1,29169,15000,15000,0,15000,0,1000,15000,0,15000,0,0,0
5432,1,140000,2,2,2,26,0,0,0,0,0,0,140881,136889,140615,78486,48476,50509,8140,8000,4000,1917,3000,3000,0
5444,1,80000,1,1,1,53,0,-1,0,0,0,0,2783,1108,21400,21000,21000,0,1200,21000,0,0,0,0,0
5462,1,190000,2,2,1,48,0,0,0,0,0,0,210612,206806,203803,167103,163528,162555,7496,9144,5972,5858,6174,6047,0
5463,1,260000,1,1,2,32,0,0,0,0,0,0,122423,123006,122956,123709,120603,122674,5940,6000,4500,4500,4546,4510,0
5466,1,80000,2,2,2,34,1,-1,-1,-2,-2,-2,0,7400,-600,-600,-600,-600,7400,0,0,0,0,0,0
5474,1,220000,1,1,2,37,0,0,0,0,0,0,34339,35075,32355,31573,51279,53590,1294,2000,2000,30000,3000,2000,0
5507,1,80000,1,1,2,25,0,0,0,0,0,0,31443,26358,20050,10850,4204,0,1800,1621,0,0,0,0,0
5521,1,50000,1,3,1,39,0,0,0,0,0,0,26979,21029,18765,19145,19229,19026,1328,1298,678,687,691,700,0
5544,1,80000,1,3,2,24,1,-1,-1,-1,-1,-1,0,832,416,416,416,416,1248,416,416,416,416,416,0
5559,1,150000,2,2,1,38,-2,-2,-2,-2,-2,-1,0,0,0,0,0,150,0,0,0,0,150,810,1
5568,1,100000,2,3,2,48,-2,-2,-2,-2,-2,-2,2422,894,0,0,1639,923,894,0,0,1639,923,0,0
5601,1,80000,2,2,1,23,2,0,0,0,0,0,82628,134880,67325,68652,70388,76743,2500,2404,3000,2800,7700,0,1
5606,1,340000,2,1,1,39,0,0,0,0,0,0,250571,251917,256908,260462,265927,271766,9125,11750,9325,9665,10274,9832,0
5609,1,180000,2,1,2,29,-2,-2,-2,-2,-2,-2,0,0,432,0,0,0,0,432,0,0,0,0,0
5610,1,60000,1,2,2,33,1,-2,-2,-2,-2,-1,-64,-64,-64,-64,-64,16759,0,0,0,0,17000,13000,0
5611,1,160000,2,2,2,27,2,2,2,2,2,2,157818,161308,162923,161481,155819,168283,7500,5800,5700,0,18100,0,1
5623,1,130000,1,3,2,45,0,0,-1,0,-1,-1,13513,11800,2522,1261,390,390,1000,2522,0,390,390,390,0
5625,1,210000,2,2,1,33,0,0,0,0,0,0,206409,198390,200035,96882,99087,101427,8546,7542,11538,3735,4129,2821,0
5629,1,20000,2,2,1,24,2,0,0,0,0,0,19618,17576,18266,18637,19028,14924,1451,1141,512,533,1000,600,0
5634,1,410000,1,2,1,45,0,0,0,0,0,0,278405,285415,279484,274639,281158,288051,13000,10515,9884,11000,11425,11700,0
5653,1,360000,2,1,1,32,0,0,0,0,-1,0,37736,28746,19783,17738,1262,382,1174,1100,396,1266,9,7643,1
5659,1,50000,2,2,1,38,2,2,2,2,0,0,50965,50956,50603,49788,37353,0,1101,1500,39,1280,0,0,1
5672,1,180000,1,2,2,29,0,0,0,0,0,0,98535,99196,98905,75576,59889,51422,3977,6516,1611,3000,7080,1132,0
5676,1,200000,2,2,2,28,1,-1,-1,-1,-1,-1,0,1732,828,0,497,1809,1732,828,0,497,1809,0,0
5682,1,30000,2,2,1,23,2,2,2,2,2,2,11851,14416,13887,14564,15183,14790,2762,0,910,1000,0,1200,1
5699,1,200000,2,1,2,26,0,0,0,0,0,0,121830,91216,93099,94949,96929,98909,3311,3400,3400,3512,3586,3148,0
5712,1,50000,2,2,1,40,-1,0,0,0,0,0,46616,44515,48510,35774,18261,16644,2005,5000,610,631,634,3000,0
5725,1,50000,2,1,2,25,2,2,2,2,2,2,45708,48862,47748,50799,49904,49978,3900,0,3800,0,4000,0,1
5729,1,380000,1,3,2,33,-1,-1,-1,-1,-1,-1,2989,3731,3003,69127,33815,115854,3742,3012,69294,33827,115860,64486,0
5752,1,250000,1,3,1,51,-2,-1,-1,-1,0,-1,179,1533,364,381,3987,7135,1540,387,381,3985,7161,0,0
5757,1,260000,1,1,2,35,1,2,0,0,2,0,149124,145333,148332,160810,155683,158771,0,6910,16502,0,5847,5873,1
5768,1,100000,2,2,1,43,0,0,0,0,0,0,98944,75296,78049,48644,54963,57269,4000,5000,3000,9000,4000,5000,0
5784,1,10000,1,3,2,24,-1,-1,-1,0,0,0,6217,5082,5400,5012,1740,390,5112,5400,2,4,0,5039,0
5796,1,120000,2,1,2,26,0,0,0,0,0,0,110934,99271,90066,80165,78108,77588,4432,2988,4492,2797,2991,2900,0
5803,1,20000,1,1,2,26,0,-1,-1,-1,-1,-1,1490,3150,10464,0,1690,18156,3150,10464,0,1690,18156,19800,0
5820,1,20000,2,2,2,24,2,2,2,2,-1,-1,6270,8284,8000,0,186,3314,2284,0,0,186,3314,3515,1
5824,1,50000,2,2,2,43,-1,0,0,0,0,0,26342,27457,27381,17930,18128,18490,1547,1251,1200,600,627,759,0
5833,1,300000,1,1,1,45,0,0,0,0,0,0,193462,185703,190060,189912,145909,127078,6835,7542,7930,6534,6153,2815,0
5834,1,30000,2,2,1,26,1,2,2,0,0,2,27330,28090,28827,27299,29110,28492,1500,1517,1000,2255,0,1988,0
5838,1,10000,1,2,2,26,2,2,7,7,7,7,2400,2400,2400,2400,2400,2400,0,0,0,0,0,0,1
5839,1,50000,2,3,2,22,2,2,0,0,0,0,22719,18408,19330,19561,19815,18574,0,1573,804,675,738,1000,0
5860,1,20000,1,1,2,27,1,-2,-2,-2,-2,-2,0,0,0,0,0,0,0,0,0,0,0,0,0
5871,1,180000,2,1,1,30,0,0,0,0,0,2,149069,152317,156282,161163,172190,148963,7500,8000,9000,14000,0,5500,1
5873,1,80000,2,3,2,30,0,0,0,-1,0,0,36676,38247,39856,28698,29299,30120,2165,2774,30458,1063,1308,4317,0
5900,1,260000,2,2,1,43,1,-2,-2,-1,0,-1,0,-416,-1248,832,416,1398,0,0,2080,0,1398,0,0
5905,1,80000,1,1,2,32,-1,-1,-2,-2,-2,-2,4055,0,0,0,0,0,0,0,0,0,0,0,0
5925,1,340000,2,2,2,31,4,3,2,-1,-1,-1,581775,572677,384060,304508,247178,228349,0,0,1000,4320,287982,8007,1
5932,1,230000,2,2,1,43,0,0,0,0,0,0,84821,87055,87601,89762,92735,95768,4293,4162,5000,5000,5000,5000,0
5952,1,240000,1,1,1,47,-2,-2,-2,-2,-2,-2,5731,0,0,0,0,0,0,0,0,0,0,0,0
5958,1,100000,2,2,2,25,0,0,0,0,0,0,98349,97473,91096,76371,77162,78084,3600,3000,2700,2800,3000,2800,0
5964,1,220000,2,1,1,32,1,2,0,0,2,2,17325,16758,18474,20667,20195,21854,0,2000,2500,0,2000,0,0
5970,1,170000,2,2,1,34,0,0,0,0,0,0,35348,34622,31450,28229,26422,15081,1402,1789,652,798,1081,173,0
5980,1,70000,2,1,2,24,1,2,2,2,2,2,15932,16879,16315,17099,16683,18753,1500,0,1355,0,2353,0,1
5987,1,210000,2,2,1,33,-1,-1,-1,-2,-2,-2,1971,748,0,0,0,0,822,0,0,0,0,0,1
6049,1,400000,1,2,2,29,1,2,0,0,0,0,21092,19756,19058,15146,15064,12774,0,1510,1010,1000,2000,2000,0
6055,1,210000,2,1,1,36,1,-1,-1,-2,-1,-1,0,799,0,0,4150,0,799,0,0,4150,0,0,1
6062,1,150000,2,2,1,36,2,2,2,2,2,2,137723,141048,142475,143966,146736,149697,7000,5200,5300,5200,5500,5200,0
6066,1,20000,2,3,1,56,2,0,0,0,0,0,12864,14150,15334,16222,17598,9950,1500,1500,1000,1500,1500,1500,0
6077,1,120000,1,2,2,68,2,2,0,0,0,0,125406,123819,122209,122047,122019,130079,4400,4436,4370,4440,12600,4500,1
6106,1,50000,2,2,1,47,0,0,0,0,0,0,50732,50713,45549,40043,39844,39599,2000,2106,1600,1606,1581,2000,0
6111,1,500000,1,1,2,31,1,-2,-1,0,0,0,0,0,399,35528,10389,0,0,399,35129,0,0,1307,0
6150,1,230000,2,1,2,31,-2,-2,-2,-1,-1,-1,0,0,196,533,1238,957,0,196,533,1238,957,1187,0
6158,1,220000,1,3,1,44,-1,-1,-1,-1,-1,0,380,380,380,380,56663,57436,380,380,380,56663,2000,2000,0
6162,1,230000,1,1,2,28,-2,-1,-1,-1,-1,-1,23855,18298,1741,16594,18261,18333,18309,1741,33188,20000,19000,19319,0
6165,1,390000,2,2,2,37,0,0,0,0,0,0,324452,309369,269703,266017,271657,245958,13106,10111,10005,11000,9007,9000,0
6173,1,230000,2,1,2,27,1,-1,-1,-1,-1,-2,0,1988,19690,25681,0,0,1988,19878,25681,0,0,0,0
6184,1,430000,2,2,2,27,-2,-2,-2,-2,-2,-2,263,263,4119,4390,20952,15562,1764,4120,535,20990,2506,500,1
6200,1,50000,2,3,2,55,0,0,0,0,0,0,51682,37869,27114,29625,32788,28668,3960,7232,11000,15788,13668,4490,0
6209,1,220000,1,2,1,46,2,0,0,0,0,0,157646,159833,160032,162303,164700,166756,5800,5759,5938,6200,6009,6044,0
6222,1,140000,2,2,2,23,2,0,0,0,0,0,25621,26805,27763,28342,29123,29930,1600,1500,1000,1200,1250,1200,1
6228,1,30000,1,3,1,47,0,0,0,0,0,0,28923,29803,25373,23231,23913,21120,1586,1365,1663,5106,1050,0,0
6230,1,260000,2,1,2,29,-1,-1,-2,-1,-1,-1,470,0,0,550,880,1287,0,0,550,880,1287,925,1
6234,1,200000,1,3,1,30,0,0,0,0,0,0,144933,148103,148137,151505,154728,157912,7000,4000,4000,4000,4000,4550,0
6255,1,60000,2,2,2,27,0,0,0,0,2,0,12193,13983,15746,17486,17067,17255,2000,2000,2000,0,620,1710,0
6266,1,90000,2,2,1,38,0,0,0,0,0,0,88758,89680,89876,49922,46302,45430,3900,3487,1629,4000,3000,813,0
6272,1,10000,2,1,2,23,2,2,7,7,7,6,2400,2400,2400,2400,2400,1800,0,0,0,0,0,0,1
6318,1,210000,1,2,1,35,0,0,0,0,0,0,128595,131627,136428,54058,55398,56698,4606,6815,1800,2000,2000,2000,0
6323,1,60000,2,3,2,40,-1,-1,0,0,0,-1,24496,20329,15219,16158,14295,10930,20391,1200,3658,0,10930,11677,0
6329,1,500000,1,1,2,43,0,0,0,0,0,0,141323,143548,146487,139155,142337,145411,5000,5015,5000,5000,5000,5000,0
6344,1,150000,1,3,1,53,2,2,2,2,2,0,17790,18209,18608,20294,19828,20396,1000,1000,2000,0,900,2000,1
6350,1,500000,1,1,1,39,1,-2,-2,-2,-2,-2,0,0,0,0,0,0,0,0,0,0,0,0,0
6381,1,150000,1,2,1,32,0,0,0,0,0,0,141346,145483,146410,142858,146007,130721,10000,7000,4000,8071,4000,3283,0
6390,1,10000,1,3,0,40,0,0,0,0,0,-2,8286,9395,10000,10000,0,0,1400,1000,0,0,0,0,0
6396,1,50000,1,1,2,26,-1,-1,-1,-1,2,2,526,526,526,1913,1226,1752,526,526,1913,0,1052,0,1
6405,1,200000,2,2,2,24,0,0,0,0,0,0,39723,40586,44233,45124,46252,47207,1353,4000,1267,1500,1500,1500,0
6410,1,80000,1,2,2,48,0,0,0,0,0,0,74658,72885,47663,48350,47208,46292,2500,2000,2000,2000,2000,2000,0
6418,1,50000,1,2,2,25,0,0,-1,0,0,-2,17355,5934,16637,4000,0,0,1000,24677,0,0,0,0,0
6435,1,150000,2,1,2,39,3,2,2,-1,-1,-2,99,99,0,1980,0,0,0,0,1980,0,0,0,0
6444,1,110000,2,2,2,32,0,0,0,0,0,0,108159,106812,108464,108829,110557,106082,5400,5400,4100,4100,4100,4200,0
6450,1,50000,2,3,2,22,0,0,0,0,0,0,46687,47831,48764,47109,39415,39920,1896,1829,1924,1308,1480,1171,1
6459,1,280000,2,2,2,28,1,-2,-1,0,0,-1,0,0,11905,8350,2428,4662,0,11905,200,49,4662,6278,0
6479,1,50000,1,3,2,29,0,0,2,0,0,-1,7334,7344,5420,4104,1596,1594,2500,0,1596,0,1594,0,1
6490,1,250000,2,2,2,31,1,2,0,0,0,0,59878,58348,59530,60668,59786,130890,0,2150,2116,65,72460,5000,1
6493,1,30000,2,2,1,40,2,2,3,3,2,2,27975,29906,30604,29834,29936,29862,2700,1500,0,1100,1000,0,1
6497,1,50000,1,3,1,46,0,0,0,0,0,0,6066,7161,8234,8595,8955,9305,1200,1200,500,500,500,500,0
6505,1,200000,1,2,2,32,-1,-1,-1,-1,-1,-1,9249,9362,11109,9471,11132,9633,9363,11119,9473,11140,9636,23635,0
6521,1,230000,2,1,2,37,0,0,2,0,0,-2,9092,12509,12784,12584,0,0,3500,700,0,0,0,0,1
6526,1,330000,2,2,1,30,0,0,0,0,0,-1,155285,156122,11733,9620,0,4520,10000,10000,2000,0,4520,2500,0
6565,1,60000,1,2,2,31,0,0,0,0,0,2,53234,54361,55395,56416,58792,56130,2580,2557,2500,4500,0,2000,0
6589,1,360000,1,1,1,47,0,-1,0,0,0,-1,10221,8337,9696,14332,21446,9476,8536,5000,8500,10000,9476,7000,0
6607,1,260000,2,1,2,36,0,0,0,0,0,0,107350,110114,112189,114503,117031,112857,4500,4000,4000,4200,8790,4200,0
6637,1,80000,2,3,1,41,2,2,2,2,2,2,57754,56258,60313,61129,62348,61193,0,5000,2400,2341,0,2439,1
6642,1,160000,1,1,2,26,0,0,0,-1,-1,-1,135233,130038,79027,6666,6666,6666,5600,3715,6666,6666,6666,6666,0
6671,1,320000,1,1,2,26,-1,0,0,0,0,-2,111710,12484,13917,12125,0,0,1267,1700,243,0,0,220000,0
6675,1,240000,1,1,2,34,-1,-1,-1,-1,-1,-1,21027,27568,9166,6855,8089,9052,27994,9212,6949,8134,10043,28012,0
6692,1,160000,1,3,2,38,0,0,0,0,0,0,47269,45688,47690,48712,49525,50389,2767,2769,1791,1928,1960,1461,0
6693,1,20000,1,2,2,26,1,-1,-1,0,0,0,0,132,10067,10144,10400,0,132,10200,540,600,1000,0,0
6701,1,100000,2,2,2,25,2,0,0,0,0,0,88420,89705,91943,71201,69804,71088,3600,4000,2500,2700,2600,2600,1
6712,1,80000,2,2,2,23,0,0,0,-1,-1,0,6085,4728,5750,1361,1402,1911,1128,1150,1361,1402,1000,344,0
6729,1,60000,1,3,2,25,0,0,0,0,0,0,59817,47872,38605,28184,28862,29161,3000,2000,1500,1500,1300,2000,0
6790,1,50000,2,2,1,45,0,0,0,0,0,0,46188,14082,15021,7696,7872,8028,1261,1200,300,300,287,297,0
6793,1,30000,1,2,1,40,2,2,0,0,0,0,38001,34416,32515,28499,29133,29988,0,1634,796,865,1143,0,0
6804,1,50000,1,2,2,27,0,0,0,-2,-2,-2,26380,26439,-200,-200,-200,-200,1000,0,0,0,0,0,0
6821,1,220000,2,2,1,32,-2,-2,-2,-2,-2,-1,183718,172250,175771,180794,184650,167856,6243,6376,7942,8270,170000,6002,1
6827,1,110000,2,1,1,37,0,0,2,2,0,0,106658,111694,112131,108106,109798,107372,10800,3808,0,4000,5000,5000,0
6829,1,20000,1,2,2,26,1,5,4,3,2,0,13242,12762,12276,11790,11460,14090,0,0,0,0,3000,5000,1
6830,1,180000,1,2,1,53,0,0,0,0,0,0,173481,176308,179878,182005,175016,178293,7900,8000,7000,6565,6800,6100,1
6833,1,70000,1,1,2,26,2,0,0,0,0,0,50587,51329,48122,43912,44834,45737,2214,3510,1720,1780,1800,1900,0
6835,1,50000,2,1,2,24,-2,-2,-2,-2,-2,-2,894,1020,0,0,0,0,1020,0,0,0,0,0,0
6849,1,300000,2,1,2,38,-2,-2,-2,-2,-2,-2,13548,13097,3025,4128,1726,-587,2060,2004,2003,1726,692,116422,0
6862,1,210000,2,1,2,31,2,2,2,2,0,0,131297,128743,129104,125887,112439,104537,9735,4000,0,4000,3850,12203,1
6875,1,10000,1,1,2,22,0,0,-1,-1,-1,-1,2946,0,390,390,390,0,0,390,390,390,0,780,1
6889,1,80000,1,2,2,23,0,-1,2,-1,-1,-2,25992,904,68,232,-604,-440,1000,0,1000,0,1000,0,0
6935,1,210000,2,1,2,28,-1,-1,-1,-1,0,0,262,3771,5474,69536,76188,72678,3771,5474,69536,10000,4000,2100,0
6955,1,300000,2,1,2,33,-2,-2,-2,-2,-2,-2,0,0,0,0,0,0,0,0,0,0,0,0,1
6976,1,100000,2,3,1,36,2,2,2,2,2,2,92675,92857,80748,80708,75366,76590,3445,709,6077,2805,2906,0,0
6986,1,50000,1,1,1,40,0,0,0,0,0,0,50657,50529,49162,19969,19893,20282,2015,2190,809,3012,5795,2001,0
6994,1,180000,2,1,2,28,1,-2,-2,-2,-2,-2,0,0,0,0,0,0,0,0,0,0,0,0,0
7013,1,180000,1,3,2,29,-2,-2,-2,-2,-2,-1,4358,3160,2611,8710,5127,8758,3169,2618,8736,5142,8766,15040,0
7027,1,470000,2,1,1,35,0,0,0,0,0,0,270005,262579,248080,232961,217802,202092,9500,9000,8086,14700,7000,9000,0
7038,1,120000,1,1,1,52,2,2,2,2,3,2,112593,112623,115258,119620,118928,121619,3300,6000,7800,1500,4800,0,0
7051,1,210000,2,3,1,55,0,0,0,0,0,0,217016,204418,204377,146575,144521,147938,8049,9000,6000,5500,5816,5500,1
7060,1,50000,2,2,3,30,2,2,0,0,0,0,40087,38281,34519,33965,33273,31960,0,1466,1282,1293,1257,3013,0
7063,1,200000,2,2,2,30,0,0,0,0,0,0,193300,191254,176720,164729,162097,154016,6860,5870,5009,5543,6037,5002,0
7071,1,80000,1,1,1,40,0,0,2,2,2,2,28054,31201,31594,30787,34513,34995,3600,1200,0,4246,1200,1500,1
7082,1,200000,2,2,1,36,-1,0,0,0,0,0,136286,183615,184792,195062,195156,192436,50000,7000,15000,7500,7500,10000,1
7085,1,210000,2,1,1,40,0,0,0,0,0,0,206803,207471,152365,146625,146163,146180,7876,5400,6000,6000,6000,10000,0
7092,1,50000,2,2,2,23,0,0,2,0,0,0,17313,20019,19399,19785,20465,20877,3000,0,709,1000,750,1000,1
7094,1,320000,2,1,2,32,2,0,0,0,0,0,313383,313136,317847,313990,312070,319672,12937,13036,10072,9600,11056,9964,0
7104,1,240000,2,5,1,44,0,0,0,0,0,0,47315,34623,34347,36082,32957,18797,3000,3500,9700,4000,6300,3000,0
7106,1,50000,1,3,2,47,0,0,0,0,0,0,48593,48653,15433,15037,10527,10736,1278,1469,463,381,383,398,0
7112,1,270000,1,1,2,40,0,0,0,0,0,0,193444,202284,199443,147121,162262,107338,15000,7000,10000,25000,15000,15000,0
7119,1,130000,2,1,2,30,2,2,2,2,2,0,124651,128263,129669,131057,128857,131469,7100,5000,5000,0,4928,4574,1
7126,1,220000,2,2,2,39,0,0,0,0,0,0,142186,141068,140391,140549,140303,140737,7000,7000,5006,6000,6312,6000,0
7130,1,340000,2,2,2,39,0,0,0,0,0,0,308286,315601,318616,243586,248766,254056,13775,10631,8900,9200,9525,8600,0
7131,1,130000,1,2,1,44,2,0,0,0,0,2,16357,17287,19992,22329,23964,23428,1500,3000,3000,2000,0,1500,1
7139,1,50000,1,2,2,22,0,0,0,0,0,0,55100,52440,47080,15718,13674,15145,2372,2149,1203,2000,1716,628,0
7143,1,50000,1,3,1,51,0,0,0,0,0,0,48550,46267,46716,29744,30060,29449,2000,1400,984,1013,1006,939,0
7167,1,500000,1,2,2,36,1,-2,-1,0,0,0,226,8546,121867,116089,114293,118081,9125,126768,3468,4050,15099,5015,0
7173,1,80000,2,3,1,28,0,0,0,0,0,-2,36847,38847,35017,36175,0,0,2000,2000,2000,0,0,0,0
7176,1,150000,2,3,1,55,-2,-2,-2,-2,-2,-2,1194,2095,2154,2900,2512,3514,2101,2160,3046,2519,3625,0,0
7184,1,20000,2,2,2,21,0,0,0,-2,-2,-2,13717,9058,0,0,0,0,1005,0,0,0,0,0,0
7212,1,30000,1,3,1,53,-1,-1,-1,-1,-1,-1,263,14833,5242,19705,10417,9736,14849,5250,19711,10417,9979,5108,0
7220,1,160000,2,2,1,26,-1,-1,-1,-1,-1,-1,1319,3934,399,690,590,0,3941,399,690,590,0,1926,1
7225,1,140000,2,2,1,37,-1,-1,-1,-1,-1,-1,330,330,330,330,330,947,330,330,330,330,947,2389,0
7235,1,30000,1,2,2,24,0,0,-2,-1,-1,-2,12800,0,0,90,-40,-3000,0,0,90,0,0,10400,0
7241,1,180000,2,1,1,36,-2,-2,-2,-2,-2,-2,2846,2092,4629,3007,5827,1118,2092,4631,3007,5827,1200,1030,0
7264,1,100000,2,1,2,33,1,2,0,0,0,0,55066,53612,54720,55808,56976,58108,0,2000,1998,2068,2079,2155,0
7273,1,50000,2,1,2,31,1,2,0,0,2,2,1129,1111,3186,6527,3328,33166,0,3000,3341,0,30000,0,1
7290,1,20000,1,2,2,33,0,0,0,0,0,0,36658,19253,20179,18800,19500,0,4000,1409,0,1000,0,0,0
7294,1,100000,2,2,1,27,-2,-2,-2,-2,-2,-2,390,1780,0,0,0,0,4780,0,0,0,0,0,0
7303,1,390000,2,1,1,34,-2,-2,-2,-1,-1,0,7639,10876,6203,1518,46365,48795,6083,1051,1545,47280,3000,3000,0
7312,1,80000,2,2,3,30,0,0,0,0,0,0,11976,10010,10982,11325,11569,10303,1185,1157,500,400,500,5000,0
7313,1,700000,1,1,2,35,-1,0,-1,0,0,0,8277,18282,130130,105055,70896,41509,17599,130370,3381,145,4639,12235,0
7328,1,180000,2,1,2,27,-1,-1,-1,-1,-1,-1,641,1812,5307,28004,957,0,1812,5347,28004,957,0,455,1
7344,1,190000,2,3,1,42,0,0,0,0,0,0,113516,116157,115639,115849,118313,119973,6000,5581,4237,4423,5000,8888,0
7349,1,30000,1,2,1,48,0,0,0,0,0,0,46780,38099,38600,29400,30000,0,1899,1400,1188,600,0,0,0
7353,1,30000,2,1,2,23,0,0,0,0,0,0,28239,29974,29841,27592,17569,4059,2500,1011,301,37,17,0,0
7355,1,20000,1,2,2,23,0,0,0,0,0,0,18497,15172,17488,17923,16838,18535,1900,2900,1000,800,2000,1000,0
7359,1,150000,2,2,2,27,0,0,0,0,0,0,146778,139111,134382,134593,91112,68482,6554,10000,4749,3304,2285,700,0
7362,1,150000,2,1,2,30,0,0,0,0,0,0,150426,151052,143488,142419,145100,153229,5520,5200,5100,5300,10900,0,0
7366,1,420000,2,2,1,30,0,0,-1,0,0,-1,83640,63751,153092,111922,88709,36484,1275,156564,0,0,36484,69380,0
7398,1,360000,1,2,1,43,1,-2,-2,-2,-2,-2,0,0,0,0,0,0,0,0,0,0,0,0,1
7407,1,70000,1,2,1,36,0,0,0,-2,-2,-2,27868,28850,0,0,0,0,1850,0,0,0,0,0,1
7416,1,20000,1,2,1,42,0,0,2,0,0,2,16070,19107,18506,18802,20199,19394,3300,0,900,1700,0,253,0
7425,1,200000,2,1,1,34,-2,-2,-2,-2,-2,-2,0,0,0,0,0,35979,0,0,0,0,35979,6191,0
7434,1,170000,2,1,2,25,-1,-1,-1,-1,-1,-1,12218,5500,100,1608,1800,897,5507,100,1608,1800,897,1443,1
7441,1,50000,2,2,2,38,0,0,-1,0,0,-1,2410,0,4494,3034,2327,5892,0,4494,61,47,5892,164,0
7455,1,120000,2,1,2,29,0,0,0,0,0,0,121805,120933,120629,116316,117358,118560,4600,4300,4200,4219,4500,7600,0
7470,1,230000,2,2,1,35,0,0,0,0,0,0,76050,76921,65452,61129,55199,55380,3000,4000,3000,3000,2000,3000,0
7475,1,20000,1,2,2,30,2,2,2,0,0,0,20586,20568,20185,20016,20044,20172,1300,700,700,1700,1600,700,1
7495,1,330000,1,1,2,32,0,0,0,0,0,0,162657,151305,138277,141453,112633,121242,5500,4723,5500,4000,10700,4500,0
7504,1,30000,2,2,2,23,2,2,2,0,0,2,21034,27321,26589,27050,29446,28825,7000,0,1200,3000,0,2000,1
7514,1,490000,2,1,2,29,-2,-1,-1,0,0,0,4301,16230,28800,27870,27540,27630,16388,28800,0,0,6136,3080,0
7517,1,80000,2,1,2,52,1,-2,-2,-2,-2,-2,0,0,0,0,0,0,0,0,0,0,0,0,0
7519,1,160000,1,2,2,37,0,0,0,0,0,0,119165,118392,117553,113256,112678,111924,6008,6011,3606,3803,4003,3311,0
7521,1,400000,2,2,1,24,0,0,0,0,0,0,176294,190256,89128,39276,23440,59922,44776,1502,2026,1015,52100,5101,0
7522,1,80000,2,2,1,45,-1,-1,-1,-1,-1,-1,390,390,390,390,390,390,390,390,390,390,390,390,0
7529,1,240000,2,1,2,26,1,-2,-2,-2,-2,-2,0,0,0,0,0,0,0,0,0,0,0,0,1
7548,1,330000,2,2,1,37,-2,-2,-2,-2,-2,-2,2148,0,3080,3119,0,7255,0,3080,3119,0,7255,9060,0
7566,1,240000,1,1,2,33,0,0,0,0,0,0,239009,243242,242128,216017,199069,202358,15018,35521,20003,7009,15018,20100,0
7618,1,80000,2,2,2,24,-1,-1,2,0,0,0,2152,3832,3587,3332,3400,-300,2245,0,267,68,0,0,1
7620,1,50000,1,3,2,23,0,0,0,0,0,0,47033,43512,32287,34156,14618,3648,1707,1318,496,1076,708,20027,0
7628,1,250000,1,1,1,41,-1,-1,-1,-1,-1,-1,390,390,390,1130,1683,2587,390,390,1130,1683,2587,0,1
7643,1,20000,1,2,2,34,0,0,0,0,0,0,36773,17288,16212,17567,16089,20743,3210,2000,1600,871,5214,300,0
7656,1,200000,1,1,2,32,0,0,0,-2,-2,-2,42325,32061,0,0,0,0,2000,0,0,0,0,0,0
7658,1,160000,2,2,1,44,1,-1,0,0,0,-2,0,5621,6468,6600,0,0,5621,1000,132,0,0,0,0
7680,1,50000,2,3,2,41,2,2,2,2,2,2,24064,24981,25473,25857,26298,25725,1600,1200,1100,1000,0,1948,1
7682,1,60000,2,2,3,64,2,0,0,0,0,0,24541,25838,27022,28357,28992,24505,2000,2000,2000,1000,1000,2000,1
7699,1,110000,2,3,2,31,0,0,0,0,0,0,77595,78322,66068,61486,60695,58147,3700,2212,2100,2200,2200,1910,0
7704,1,130000,2,3,2,53,0,0,0,0,0,0,100184,99001,88214,90167,90682,92672,4700,3200,3403,3300,3500,3300,0
7706,1,60000,2,1,2,25,2,2,0,0,0,0,37287,36412,37280,35321,36099,36724,0,1800,1414,1500,1377,1402,0
7713,1,50000,1,2,1,34,0,0,0,0,0,0,24249,25952,29915,30215,5964,2800,2100,5000,1000,0,56,0,0
7717,1,130000,2,2,1,43,0,0,0,0,0,0,129099,130522,106158,97685,80733,82883,5008,6003,4000,3000,4870,3000,0
7720,1,230000,2,1,2,25,0,0,0,0,0,-2,32915,21726,12299,5860,0,0,4794,3116,5029,0,0,0,0
7730,1,190000,1,3,1,44,1,-1,2,0,0,0,-1600,2400,2184,2184,2184,0,4000,0,0,0,0,0,0
7735,1,30000,2,2,1,52,2,2,2,2,2,2,18499,20391,20758,21118,21632,22129,2500,1000,1000,1000,1000,0,1
7741,1,200000,1,1,1,48,-1,-1,-1,-1,-1,-1,5472,4306,4655,4930,3601,3366,4318,4681,4958,3712,3476,990,0
7780,1,30000,2,1,2,24,-1,-1,-1,-1,-1,-1,3055,18392,640,0,2583,4653,18407,640,0,2583,4653,2583,0
7786,1,100000,1,3,3,48,2,-1,0,0,0,0,10514,8408,5250,9360,4098,800,13008,1119,7110,110,102,0,1
7787,1,90000,2,2,2,25,2,2,2,0,0,0,41757,42797,41814,42813,43571,46350,2001,0,2000,1600,3500,0,1
7790,1,250000,2,2,2,26,0,0,0,0,0,-1,46467,17787,18852,24097,19152,1547,1500,1500,5645,500,1547,0,0
7803,1,50000,2,2,2,31,2,2,2,2,2,2,30619,31634,32317,32787,33416,34116,1800,1500,1300,1300,1400,1500,1
7812,1,210000,2,2,1,48,-2,-2,-2,-2,-2,-2,140,140,140,60,120,-20,140,140,60,200,0,0,0
7813,1,70000,2,2,1,43,0,0,0,0,0,-1,66083,67681,40849,2917,1473,917,3017,2025,58,29,917,40442,0
7823,1,70000,2,2,2,25,0,0,0,0,0,0,19508,19633,19685,18887,19073,20208,2000,2000,1000,2000,3003,3007,0
7828,1,120000,2,2,1,25,0,0,0,0,0,0,30925,73143,73130,74898,76779,79594,43272,3120,2888,3001,4500,2500,0
7844,1,280000,1,2,1,28,0,0,0,0,0,0,24189,25294,26667,26926,27492,28333,1500,1800,1000,1000,1300,1000,0
7848,1,100000,1,1,1,25,-1,0,0,0,-2,-2,91842,40308,41800,0,0,0,1809,2301,0,0,0,0,0
7893,1,50000,2,2,2,23,0,0,0,0,0,0,30941,30730,29908,28809,27905,13835,1751,1402,776,773,522,430,0
7894,1,120000,2,2,2,23,0,0,0,0,0,0,115653,108971,83592,22321,32150,36644,5000,5000,2000,20000,10000,10000,0
7895,1,80000,2,3,1,44,-1,-1,-1,-1,-1,-1,485,10735,2954,24243,7043,13531,10735,2957,24277,7046,13671,3206,0
7903,1,20000,2,2,1,40,0,0,0,0,0,0,14492,15304,16035,16517,16781,17142,1349,1080,562,500,456,218,1
7939,1,240000,1,2,2,35,0,0,0,0,0,0,179662,180787,181379,170318,128076,64634,7003,8000,8000,2500,2400,2600,0
7951,1,100000,2,3,1,53,0,0,0,0,0,0,99768,100098,75296,73774,75603,77807,3919,3010,3000,6000,3500,3000,0
7960,1,50000,2,2,1,58,1,2,2,2,2,2,32113,31319,33688,32849,34950,35658,0,3200,0,2795,1431,0,0
7963,1,50000,1,2,1,34,0,0,0,0,0,0,45398,37433,30609,30432,30254,30088,2008,2000,1500,1501,2105,2219,0
7972,1,200000,1,2,1,40,0,0,0,0,0,0,63182,44876,38764,37618,35737,40710,1765,10007,2019,5027,15031,7088,0
7973,1,320000,2,2,2,30,-1,-1,-1,-1,0,0,3720,4206,15610,10556,11863,5619,4206,15610,10556,8000,5600,2604,0
8004,1,160000,1,2,2,30,0,-1,-1,0,-1,-1,2720,1280,5850,150,1240,0,1280,5850,0,1240,0,0,0
8011,1,80000,2,3,1,28,0,0,0,0,0,0,75903,34137,32390,32651,32170,31493,2014,1705,2000,2000,3000,3000,0
8029,1,110000,2,1,2,34,0,0,0,0,0,0,110712,110988,98270,79402,80804,81024,4112,3648,2800,3100,3133,2800,0
8041,1,70000,1,3,2,32,0,0,0,0,0,0,65460,65721,45492,45482,46371,47603,2352,2030,1800,2000,2000,2000,1
8096,1,360000,2,1,2,28,-1,-1,-1,-1,-1,-1,26349,1245,2043,265,265,5862,4045,2043,265,265,5862,1907,0
8100,1,50000,2,2,2,47,0,0,0,0,0,0,50883,51117,51125,50497,50544,50555,2200,5300,2000,2000,2000,2000,1
8102,1,50000,1,2,2,39,0,0,0,0,0,0,47378,48333,48638,49207,49599,50594,2105,1800,1735,1938,1960,2000,0
8107,1,130000,1,1,2,27,-1,-1,-2,-2,-2,-2,1960,0,0,0,0,0,0,0,0,0,0,0,0
8108,1,30000,1,2,2,39,0,0,0,0,0,0,28708,28285,26702,20115,18426,18013,1514,1278,671,870,879,0,0
8121,1,90000,2,2,2,53,0,0,0,-2,-2,-1,30045,30000,0,0,0,439,1000,0,0,0,439,20959,0
8124,1,390000,2,2,1,41,-2,-1,0,0,0,0,3983,25146,197534,179690,170173,164339,25146,185059,9137,6513,5058,6000,0
8134,1,400000,2,2,1,33,0,0,-2,-2,-2,-2,9940,0,11451,101,551,19982,0,11451,104,600,20015,0,0
8146,1,120000,1,2,3,42,0,0,0,0,0,0,3135,4422,5540,6442,7182,8057,1500,1200,1000,1000,1000,1000,0
8163,1,200000,1,1,2,31,0,0,0,0,0,0,151819,154914,157776,160520,163878,167872,6000,5769,5411,5603,6367,4500,0
8167,1,180000,2,1,2,31,0,0,0,0,0,0,21760,22794,23801,24117,24468,25106,1689,1693,1009,888,1045,1077,0
8170,1,240000,1,1,1,39,-1,-1,-1,-1,-1,-1,2688,2688,2688,2688,2688,2688,2688,2688,2688,2688,2688,2688,0
8182,1,140000,2,2,2,23,-1,-1,-1,0,0,0,396,396,21570,24986,25256,25091,396,21570,4500,1050,1183,6000,0
8195,1,50000,1,2,2,35,0,0,0,0,0,0,48064,49399,49943,18568,18740,19036,2500,2000,1000,1000,1000,1000,0
8197,1,90000,2,2,1,49,-2,-2,-2,-2,-2,-2,264,0,528,0,528,264,0,528,0,528,264,0,0
8239,1,110000,2,1,2,29,2,0,0,0,0,0,106321,107630,106354,79154,69988,69018,4334,4250,2946,2506,2458,2524,1
8251,1,150000,2,3,1,39,2,2,0,0,0,0,153994,147038,122498,75782,71306,69737,0,5000,3000,3000,3000,5000,0
8262,1,180000,2,2,1,31,0,0,0,0,0,0,173517,160996,132054,115551,109539,108837,10122,35206,40600,5000,10000,10000,0
8263,1,180000,1,2,1,28,0,0,0,0,0,0,180827,175914,176778,172440,168914,171645,6600,7738,6200,6418,13000,0,1
8293,1,170000,1,1,1,35,-1,-1,-2,-2,-2,-1,473,-103,-103,-103,-103,2297,0,0,0,0,2400,0,1
8298,1,50000,2,2,2,22,1,-2,-2,-2,-2,-2,0,0,0,0,0,0,0,0,0,0,0,0,0
8300,1,80000,2,2,2,27,0,0,0,0,-1,0,26144,26625,3600,0,68424,42601,1075,1200,0,68424,1264,0,0
8316,1,50000,2,1,2,38,0,0,0,0,0,0,46179,38055,28857,27495,26344,24879,1881,1683,1064,900,862,1000,0
8318,1,60000,1,1,1,37,0,0,0,0,0,0,57985,59312,27420,27965,28552,29276,2550,1500,1001,1038,1200,1233,0
8326,1,200000,2,1,2,32,0,0,0,0,0,0,47517,8219,9000,10000,11340,0,1219,1000,1000,1340,0,0,0
8328,1,70000,2,1,2,50,0,0,0,0,0,0,64315,58564,56741,25172,29186,25430,3000,10032,8000,5139,1000,1000,1
8349,1,50000,2,2,1,53,0,0,2,0,0,0,13868,14307,14762,15232,16988,17912,2000,1000,1000,2000,1200,2000,1
8352,1,280000,2,1,2,23,0,0,0,0,0,0,262579,235354,199360,193888,193132,188016,6453,6000,5334,5397,5400,5894,0
8363,1,50000,2,3,1,52,0,0,2,-1,0,0,22916,13238,346,14580,11231,10804,1656,0,14580,500,458,873,1
8372,1,400000,1,1,2,34,1,-2,-2,-1,-1,0,-5,-5,-5,1299,4374,4986,0,0,1304,4375,1025,2952,0
8378,1,100000,2,3,1,53,1,-2,-2,-2,-2,-2,0,0,0,0,0,0,0,0,0,0,0,0,1
8379,1,60000,1,2,1,39,-1,0,0,0,0,0,14085,14575,18423,13099,14537,16928,2000,5000,4000,2000,5000,2000,0
8380,1,230000,2,2,1,37,0,0,0,0,0,0,16302,15849,16884,17620,18353,18901,1265,1300,1001,1000,1000,1000,0
8381,1,230000,2,2,2,29,0,0,0,0,0,0,24524,24897,22219,23512,12894,15183,3000,4000,3047,3000,3000,3000,0
8384,1,310000,1,1,1,34,-1,-1,-2,-1,-1,0,493,-7,-7,500,736,739,0,0,507,736,3,797,1
8395,1,20000,2,2,2,24,0,0,0,0,0,0,21838,20544,19991,20305,19349,20467,2349,1296,1000,696,2213,0,0
8406,1,10000,1,2,2,23,-1,-1,0,-1,-1,-1,1504,6007,6470,390,0,780,6007,1000,390,0,780,0,0
8411,1,160000,2,1,1,33,-1,-1,-1,-1,-1,-1,2355,2714,12094,2855,3803,8911,2719,15000,2855,3803,8911,0,1
8423,1,220000,1,1,1,43,-2,-2,-2,-2,-2,-2,7695,2701,98376,3874,5226,14973,2725,98875,3893,5252,15047,3980,0
8427,1,50000,1,2,2,24,0,0,0,0,0,0,7240,8264,9273,9609,9657,9927,2644,1153,489,351,431,198,0
8455,1,80000,2,1,2,29,1,-2,-1,0,-1,-1,0,0,8061,8061,9390,4337,0,8061,0,9390,4500,0,1
8463,1,380000,1,2,2,34,-1,2,-1,-1,0,-1,4384,3852,2300,632,316,316,0,2300,632,0,316,316,0
8466,1,80000,1,2,2,29,-1,0,0,0,0,0,48098,49089,47184,47059,47938,48904,2081,2068,1833,1889,1915,1879,0
8469,1,50000,1,2,1,36,2,2,2,2,0,0,50808,48287,47265,20840,19568,19812,0,3259,0,844,706,677,1
8472,1,30000,2,2,2,22,2,0,0,0,0,3,18796,20489,22142,25438,28453,27699,2000,2000,4000,3600,0,2200,1
8496,1,150000,1,3,1,58,-2,-2,-2,-2,-1,2,0,0,0,0,7043,1504,0,0,0,7043,0,3063,0
8501,1,400000,2,1,1,28,-1,-1,2,0,0,0,6500,405016,391178,392932,394410,410127,405016,0,14000,13560,28000,0,0
8506,1,80000,2,2,1,32,1,2,0,0,0,0,73181,71452,72651,74266,75892,75816,0,3000,2800,2800,2700,2800,0
8509,1,50000,1,2,2,24,1,-2,-2,-2,-2,-2,0,0,0,0,0,0,0,0,0,0,0,0,1
8543,1,30000,2,3,2,44,2,0,0,0,0,2,25039,25989,23078,23697,25257,25595,1700,1384,1003,2100,900,0,1
8553,1,50000,2,3,1,30,-2,-2,-2,-2,-2,-2,0,614,0,0,0,0,614,0,0,0,0,0,0
8570,1,360000,1,1,2,32,-1,-1,-1,0,0,0,8140,0,20470,10357,8540,0,0,20470,207,0,0,3185,0
8588,1,50000,2,2,3,33,0,0,0,0,0,0,48111,47583,38897,20190,19633,19035,2100,1690,11700,1200,1200,1000,0
8605,1,60000,1,2,2,25,0,0,0,0,0,0,56598,47311,25227,26039,27493,26416,3000,2000,1500,2000,1500,1500,0
8618,1,140000,2,1,1,45,-1,-1,-1,-1,-1,-1,316,316,316,316,632,150,316,316,316,632,150,316,0
8637,1,90000,2,3,1,55,0,0,0,0,0,0,23379,23715,24310,24561,22829,22486,1402,1387,1028,816,804,987,0
8665,1,200000,1,1,2,33,-2,-2,-2,-2,-2,-2,5448,7616,14771,1973,9500,40647,7616,14771,1973,9500,40647,589,0
8699,1,200000,1,1,1,44,0,0,0,0,2,0,66689,65515,49492,51802,38896,36436,2362,1706,4185,15,1537,1064,0
8712,1,100000,2,2,2,24,-1,-1,-1,-1,-1,-1,396,0,1967,5476,396,811,0,1967,7142,396,811,817,0
8718,1,150000,1,2,1,41,0,0,0,0,0,0,19350,20703,10403,10927,11598,13235,2000,3000,1000,1000,2000,2000,0
8726,1,300000,2,3,2,24,-1,0,0,-1,0,-1,7571,6156,5475,13581,13930,14000,1181,1475,13581,349,14070,268,1
8731,1,30000,2,1,1,22,0,0,0,0,0,2,22479,22650,22513,22391,23654,22738,2004,2004,2001,2001,1,1701,0
8737,1,90000,2,2,2,39,0,0,0,0,0,0,45709,45045,42151,37842,30849,28061,2000,2000,1200,1018,1200,710,1
8747,1,80000,1,1,2,27,0,0,0,0,0,0,42653,46609,47306,51179,52073,52833,5000,1801,5000,2035,2100,6200,0
8755,1,210000,2,1,1,36,0,0,-2,-2,-2,-2,15991,0,0,0,0,0,0,0,0,0,0,0,0
8764,1,500000,2,2,2,43,-1,-1,-2,-1,-1,-1,374776,26890,12866,162415,122430,188547,27024,12930,162434,123042,188715,200284,0
8776,1,500000,1,1,2,29,-1,-1,-1,-1,0,-1,20641,25986,23721,20799,34132,56917,26111,24112,20886,28032,57196,49720,0
8778,1,70000,2,1,2,24,-1,0,0,0,0,0,28059,17712,18642,20011,19147,19056,2000,3000,3000,2000,2000,3668,0
8784,1,50000,2,2,1,34,0,0,0,0,2,0,37643,29647,24965,7592,1582,1099,1538,1575,1582,593,242,17012,0
8838,1,450000,2,1,1,35,-1,-1,-1,-1,-1,-1,6126,6869,16895,7312,6213,5073,6869,16918,7316,6213,5073,15532,0
8845,1,300000,2,2,1,66,1,-1,2,-1,0,0,0,200,200,22935,16858,0,200,0,22935,0,0,0,0
8847,1,50000,2,1,2,22,2,2,2,0,0,0,8823,10606,4991,4461,2561,0,2000,300,200,0,0,0,1
8857,1,80000,2,3,1,52,2,2,3,3,3,2,36649,39448,40101,40748,39816,40607,3700,1600,1600,0,1600,1600,1
8864,1,200000,1,1,1,40,-2,-2,-2,-2,-2,-2,15596,1470,7289,0,0,2376,1470,7289,0,0,2376,0,0
8867,1,300000,1,1,2,33,0,-1,-1,-1,-1,-1,34339,962,4215,2579,970,2656,962,4247,2595,970,2672,978,0
8873,1,500000,2,2,2,37,0,0,0,0,0,0,51652,29550,33040,30757,35559,38981,5300,4000,3000,5300,5000,5000,0
8884,1,100000,1,2,1,24,1,2,2,2,2,2,13233,13427,13609,14683,15001,15306,700,700,1300,700,700,0,1
8910,1,50000,1,3,1,38,-1,-1,-1,-1,-1,0,9536,0,1261,1261,2522,1261,7014,1261,1261,2522,0,780,0
8921,1,50000,1,2,1,38,0,0,0,0,0,0,25742,23300,21266,19418,19315,18559,1372,1286,666,680,816,819,0
8935,1,330000,1,2,1,34,-1,-1,-2,-2,-2,-2,901,0,0,0,0,0,0,0,0,0,0,0,0
8938,1,170000,2,1,2,30,2,0,0,0,0,0,27267,28523,29742,30183,31041,31871,2000,2000,1233,1500,1500,2000,1
8953,1,160000,2,3,1,30,-1,-1,0,-1,-1,-1,2215,8977,3300,10770,11800,10043,8977,1000,10770,11800,10043,5325,0
8965,1,50000,1,1,1,34,0,0,0,0,0,0,45341,31383,16235,17035,15601,16349,2115,2000,2022,1000,1000,2000,0
8972,1,20000,2,1,2,23,0,0,2,0,0,0,6988,8310,10015,9195,9539,9574,1444,2000,329,492,342,354,1
8977,1,250000,2,1,1,43,-1,-1,2,-1,-1,-1,1041,6854,3774,4508,2916,4969,6854,0,4508,2916,4969,0,0
8994,1,50000,1,3,2,44,0,0,0,0,0,0,48138,49262,49878,16748,17177,17691,2203,2139,700,700,800,1000,0
9013,1,100000,2,2,1,29,1,4,3,2,2,2,85264,83376,81445,82710,84242,82730,0,0,3200,3000,0,3300,0
9024,1,30000,1,2,2,27,1,2,0,-1,2,0,29956,28469,58384,29553,29933,30000,0,2000,30000,1000,1000,0,1
9044,1,60000,1,1,2,31,1,-2,-2,-1,0,-1,0,-880,-2640,1760,880,3110,0,0,4400,0,3110,0,1
9056,1,340000,2,2,1,42,-1,-1,-1,-1,-1,-1,14087,11007,16971,10734,9200,23818,11013,17025,10734,9200,23818,46291,0
9059,1,120000,2,2,2,43,-1,-1,-1,-1,-1,-1,316,71316,316,316,2766,1996,71316,316,316,2766,1996,2054,0
9060,1,100000,2,1,2,28,0,0,0,0,0,0,102697,100462,101879,100999,101188,99328,4600,4000,4000,4000,4000,4400,0
9082,1,120000,2,1,1,51,0,0,0,0,0,2,120290,116082,118405,99081,106300,104433,6000,6000,4000,9000,0,5000,0
9086,1,30000,2,2,1,44,0,-1,-1,-1,-1,-2,4180,390,0,780,0,0,390,0,780,0,0,0,0
9090,1,180000,2,1,2,31,4,4,4,3,2,2,83020,84654,82852,81162,79958,178148,3500,0,0,0,100000,0,1
9131,1,50000,2,2,1,24,2,0,0,0,0,0,50710,45641,29259,9442,9792,9684,1974,1552,334,498,500,493,1
9161,1,360000,2,1,2,30,-2,-2,-2,-2,-2,-2,-28,-28,1072,1980,10780,2036,0,1100,2025,10819,2110,5600,0
9169,1,70000,2,3,2,55,0,0,0,0,0,0,69997,41409,31450,29592,29703,19582,1700,3018,3338,3000,717,595,0
9170,1,90000,1,3,1,31,0,0,0,0,0,0,68476,68485,67000,45837,49959,52981,4017,4000,4000,5000,4000,4000,0
9177,1,30000,2,2,2,31,0,0,0,0,0,2,30589,31547,28734,27551,28836,11718,1488,1400,1300,3000,0,500,0
9189,1,60000,1,1,2,26,-1,-1,2,-1,0,-1,440,880,440,880,440,1681,880,0,880,0,1681,811,0
9209,1,20000,2,2,1,41,0,0,0,0,0,-1,7434,8453,9249,9438,5700,1140,1300,3000,189,0,1140,390,0
9252,1,30000,1,2,1,39,1,2,0,0,0,0,30559,26457,27469,28013,28614,29636,129,1456,1000,1050,1500,1505,0
9254,1,240000,1,1,1,29,-1,-1,-1,-2,-1,-1,17882,367,-4661,-23,4638,2500,403,4838,4638,4661,2500,0,0
9262,1,170000,2,1,2,34,0,0,0,0,0,0,55623,49216,46239,36300,29350,28164,2253,1888,1200,3782,1160,976,0
9263,1,70000,2,2,2,30,0,0,0,0,0,0,3878,4957,6209,6338,6587,6828,1300,1500,380,500,500,800,0
9267,1,220000,1,1,1,39,0,0,0,0,0,0,38647,27796,12372,4610,3668,-809,2017,3000,1000,0,0,3000,0
9270,1,70000,2,2,2,26,0,0,0,0,0,0,23790,23880,24843,25338,25461,26008,1425,1388,883,906,952,877,0
9272,1,60000,1,1,2,31,2,2,2,2,2,2,60705,62352,60745,58828,55606,58551,3200,0,4580,0,4727,0,1
9303,1,300000,1,1,2,41,-1,-1,-1,-1,-1,-1,2930,1610,0,800,0,1951,1610,0,800,0,1951,0,0
9309,1,50000,1,1,1,33,2,2,0,0,0,-1,12632,13131,14817,13725,13147,5932,1000,2000,7000,5000,5932,25497,0
9315,1,170000,2,1,2,29,-1,-1,-1,0,0,0,5539,337,11277,11277,14277,-47,1147,11477,0,3000,0,0,1
9319,1,200000,2,3,1,41,2,0,0,0,0,0,199802,195038,129415,88682,74132,71281,9231,4872,2894,2637,2591,2410,0
9324,1,500000,1,2,1,39,0,0,0,0,0,0,342548,290244,250186,276579,239874,226502,8628,6242,231888,7945,7840,6966,1
9348,1,50000,2,1,2,24,-2,-2,-2,-2,-2,-2,220,220,677,1200,666,1480,220,677,1200,666,1480,3710,0
9353,1,10000,2,2,1,37,0,-1,0,0,0,0,10000,7419,7392,8265,8631,17974,7419,1400,1000,500,500,500,0
9358,1,360000,2,1,2,33,-2,-1,2,-1,0,0,0,883,887,26292,22279,550,883,4,26514,557,550,2500,0
9359,1,450000,1,1,2,28,-1,0,0,0,-1,-1,9845,11991,17111,19585,9756,3282,3000,10000,3000,10000,3300,326,0
9375,1,50000,1,2,2,28,0,0,0,0,0,0,48566,47893,48760,22967,39687,23755,2000,2313,813,875,1008,695,0
9380,1,20000,1,3,2,22,-2,-2,-1,-1,2,2,20732,19981,431,20786,20355,18752,2,431,20355,0,2732,7189,1
9382,1,240000,2,2,1,38,1,2,0,0,2,2,47320,46392,51652,54969,42373,48952,0,6000,4059,14,10022,0,0
9386,1,10000,2,3,1,42,2,0,0,0,0,0,8965,8640,9412,9604,9800,0,1228,1000,192,196,0,8138,1
9388,1,150000,2,2,1,35,0,0,0,0,2,0,39883,41045,41701,40699,25218,9340,1806,1462,2000,0,2000,44,0
9392,1,80000,1,2,2,25,-1,2,-1,0,-1,0,832,416,832,416,832,416,0,832,0,832,0,416,1
9396,1,20000,1,2,1,62,0,0,0,-2,-2,-2,19724,19581,0,0,0,0,1000,0,20500,0,0,0,1
9408,1,160000,1,2,2,28,-2,-2,-2,-2,-2,-2,0,0,0,0,0,0,0,0,0,0,0,0,0
9430,1,400000,2,2,2,30,2,0,0,0,0,0,24054,25381,26085,26779,29283,29764,1624,1328,1022,3000,1000,1171,0
9440,1,230000,2,2,1,44,-1,-1,-1,-1,-1,-1,5630,390,5090,19394,205,0,390,5090,19394,0,3916,3916,1
9442,1,210000,2,1,1,34,0,0,0,0,0,0,8011,5832,7906,5111,2069,0,1126,2400,200,205,0,0,0
9446,1,20000,1,1,2,35,-1,2,2,-1,0,0,17007,16200,0,8303,8519,9371,0,0,8303,500,1000,460,1
9449,1,80000,2,1,2,22,0,0,0,0,0,0,78028,79347,76022,58897,54512,51937,3200,2229,1900,4000,5000,21000,0
9497,1,200000,2,1,2,30,0,0,0,0,0,0,196845,189104,183255,147612,148088,99985,8990,7000,5500,6000,4220,3610,0
9520,1,20000,2,3,1,25,1,2,3,2,2,0,19045,20438,19771,20241,19364,18260,2000,0,1000,0,1000,0,0
9529,1,50000,1,2,2,53,0,0,0,0,0,0,50302,49440,49891,20503,20159,20268,2100,1793,700,731,735,616,0
9545,1,230000,2,1,2,29,-1,-1,-1,-1,-1,-1,495,466,3432,495,495,495,466,3461,495,495,495,0,0
9546,1,200000,2,2,2,32,0,0,0,0,0,0,165074,170905,186093,188139,141208,144242,10000,20000,6000,5300,5500,4600,0
9558,1,170000,2,2,2,33,-1,-1,-2,-2,-2,-2,1547,0,0,0,0,0,0,0,0,0,0,0,0
9562,1,100000,2,3,2,27,0,0,0,0,0,0,83587,85389,86981,81522,81171,79766,3151,3065,2892,2936,3000,3000,0
9564,1,300000,2,2,1,33,-1,-1,-1,-1,0,-1,1496,1496,1496,2490,1996,1494,1500,1500,2494,1006,1498,2003,0
9578,1,40000,2,1,1,27,0,0,0,0,0,0,40856,39045,39825,38847,31535,32159,2023,1803,1425,1293,1300,1339,0
9581,1,100000,2,1,2,28,0,0,0,0,0,0,46430,47679,48783,49981,44211,48568,2000,2000,2000,1514,5000,0,0
9589,1,80000,1,5,1,25,-2,-2,-2,-1,0,0,59366,49079,0,16638,18367,33081,15027,0,16638,2000,15081,0,0
9621,1,160000,2,3,1,49,-2,-2,-1,-1,-1,-2,741,6339,3334,3086,6959,5404,6339,3338,3090,6971,5410,1816,0
9633,1,50000,1,3,1,41,4,3,2,0,0,-1,52955,51847,50307,27707,28479,28979,0,0,0,974,31100,1200,1
9637,1,90000,2,2,2,28,0,0,0,0,0,2,69186,72450,73798,74682,79586,78261,5000,3158,2600,6000,0,19000,0
9688,1,210000,2,2,2,38,0,0,0,0,0,0,194358,185907,180618,184110,189134,194966,8000,10000,8000,8000,9000,8000,0
9706,1,50000,1,1,2,27,0,0,2,0,0,2,40688,43816,42816,43528,46258,47340,4100,0,1723,3600,2000,2780,0
9711,1,150000,2,1,1,58,-1,-1,-1,-1,-1,-1,1657,2277,4049,1665,559,0,2277,4066,1665,559,0,663,0
9728,1,120000,2,2,2,33,0,0,0,0,0,0,120411,122717,118886,117170,117403,117388,6300,6100,4600,5000,4800,5000,0
9748,1,100000,1,2,2,43,0,0,0,0,0,0,103601,105282,83616,67825,66756,57075,5088,3098,5010,3038,4031,3000,0
9766,1,400000,2,1,1,32,-2,-2,-2,-2,-2,-2,7217,-507,-3,8067,1154,2061,0,1000,8070,1154,2061,0,0
9767,1,360000,1,1,1,49,1,-1,-1,-1,-1,-1,-3,630,1019,320,5817,907,633,1030,321,5846,911,6965,0
9784,1,120000,1,2,2,34,-1,-1,-1,-1,-1,-1,856,856,856,856,856,856,856,856,856,856,856,2664,0
9791,1,60000,1,2,2,23,0,0,2,2,-1,0,4553,7730,12944,-7511,12606,6540,3258,0,0,28000,2000,50,0
9793,1,150000,2,2,1,28,0,0,0,0,0,0,99294,96094,97642,70371,72257,72536,5008,5000,2499,3000,2789,2439,0
9803,1,20000,2,2,2,22,0,0,0,2,2,2,15034,16285,20498,19509,20038,18982,1500,4500,0,1600,0,1000,0
9816,1,50000,2,1,1,35,1,2,2,2,0,0,47438,46400,49276,48286,47915,48386,0,3700,0,2000,6000,0,0
9819,1,50000,1,2,1,41,0,0,0,0,0,0,36696,46041,47890,8412,9412,0,10000,3012,1000,1000,0,0,0
9824,1,50000,2,3,1,48,-1,-1,-1,-1,-1,-1,390,390,390,390,390,390,390,390,390,390,390,0,1
9829,1,100000,2,2,2,24,1,-1,-1,-2,-2,-1,0,670,0,0,0,150,670,0,0,0,150,477,1
9836,1,80000,2,1,2,32,0,0,0,0,2,2,60918,62445,63905,67943,68811,70526,2500,2500,5100,2100,3000,3000,0
9843,1,30000,1,2,2,25,1,2,2,2,2,2,26623,27703,26753,30107,30614,27190,1800,0,4100,900,0,40925,1
9857,1,20000,2,1,2,28,2,0,-1,0,0,0,18540,19726,8564,19775,19878,19898,2000,8568,19000,800,1000,20000,1
9858,1,70000,1,3,1,50,2,3,2,2,2,0,56781,55327,52927,30432,16546,16722,2,3,2214,0,600,800,1
9862,1,220000,1,3,1,58,0,0,0,-2,-2,-1,22599,23875,0,0,0,52884,1875,0,0,0,52884,105660,0
9873,1,50000,2,2,2,23,0,0,0,0,0,0,49026,48983,38417,27038,26254,26352,1748,1408,1000,1000,1000,1000,0
9881,1,180000,1,1,2,23,2,2,2,2,2,2,157074,158088,166492,168487,172662,172027,5000,12552,6200,7000,2304,6180,1
9882,1,470000,1,2,2,29,0,0,0,0,0,0,59235,47091,34901,33953,34188,35444,3106,5017,3007,2001,2093,10076,0
9884,1,280000,2,2,1,41,0,0,0,0,0,0,40483,42538,44561,45450,46715,47642,2718,2741,1630,2000,1705,1572,0
9886,1,300000,1,1,2,30,0,0,0,0,-1,-1,185327,29446,21689,12500,12500,12500,1500,5000,3500,12500,12500,12500,0
9894,1,90000,1,1,1,53,0,0,0,0,0,0,23551,23607,22132,63204,19412,18099,2400,1582,770,1696,820,520,0
9901,1,20000,2,2,1,39,1,2,0,0,0,0,19565,18968,19612,16213,16812,18382,0,1300,717,1000,2000,1000,0
9906,1,500000,2,1,2,39,1,-2,-2,-2,-2,-2,0,0,0,0,0,0,0,0,0,0,0,0,0
9911,1,60000,1,2,2,30,0,0,0,0,0,0,57041,58268,59568,61298,29587,27267,2148,2303,2669,1032,1000,1300,0
9937,1,50000,1,3,1,48,0,0,0,0,0,0,10420,8451,9641,9468,9294,9263,1310,1500,500,500,500,200,0
9961,1,140000,2,2,2,27,0,0,0,0,0,0,136899,139889,142460,142020,139879,140810,5200,6000,5500,5900,5200,5000,0
9963,1,20000,1,2,2,55,2,2,2,2,-2,-2,11736,11180,780,0,0,0,780,0,0,0,0,0,0
9985,1,130000,1,3,2,37,1,-2,-1,0,0,0,-896,-896,2604,2604,1,1,0,3500,0,0,0,0,0
9994,1,120000,2,2,1,29,-1,-1,-1,-1,-1,-1,7778,3157,5456,0,2777,0,3179,5463,0,2777,0,0,1
10006,1,280000,2,2,2,36,0,0,0,0,0,0,91093,92775,81718,83347,85623,87252,3224,2965,2987,3623,3148,3194,0
10015,1,140000,2,1,1,35,0,0,0,0,0,0,26187,28431,26141,24958,27574,27151,3000,2000,2000,3000,1661,3500,0
10024,1,50000,2,2,1,39,3,2,2,-2,-2,-2,5171,4925,-350,-350,-350,-350,0,350,0,0,0,0,0
10036,1,190000,1,1,2,26,0,0,0,0,0,0,184136,186387,172506,89806,91744,93903,9000,6500,3500,3500,3800,3600,0
10044,1,50000,1,2,1,50,0,0,0,0,0,0,6449,7314,8474,8488,8665,8843,1129,1289,303,313,321,472,0
10045,1,200000,2,1,1,44,1,-2,-2,-2,-2,-2,-40,-40,-40,-40,-40,-40,0,0,0,0,0,0,0
10047,1,130000,1,2,2,31,0,0,0,0,0,0,5551,6953,8176,8884,9737,11404,1500,1500,1000,1000,2000,2000,1
10048,1,260000,1,2,1,46,0,0,0,0,0,0,29562,22429,11333,11651,12651,9247,1500,1000,1000,1000,205,1988,0
10071,1,360000,2,1,1,56,0,-1,-1,-2,-2,-1,60206,7690,0,0,0,6232,7690,0,0,0,6232,158,0
10074,1,230000,2,2,2,29,0,0,0,0,0,0,157107,119402,78875,76117,75428,150130,6000,3020,3000,2500,80000,5000,0
10076,1,160000,2,1,1,34,1,-2,-2,-1,0,-1,-49,-375,-1027,603,277,1451,0,0,1630,0,1500,0,1
10083,1,290000,1,2,2,29,-1,2,-1,-1,-1,0,22277,21451,2467,166,4030,9097,0,2467,200,6000,6000,6000,0
10103,1,30000,2,2,1,42,2,2,2,0,0,2,4641,7071,6811,6795,7342,7075,2521,0,245,658,0,268,1
10105,1,30000,2,2,1,51,0,0,0,0,0,0,16883,17909,18920,19297,19699,20091,1303,1314,691,713,718,742,0
10133,1,40000,1,2,2,35,2,0,0,0,0,-2,21072,20454,19977,20650,0,0,1504,1427,1100,0,0,0,0
10140,1,80000,2,2,2,27,0,0,0,-1,0,0,36406,31472,10246,20202,20077,20247,2000,5056,20202,726,891,10000,1
10163,1,180000,2,1,2,32,2,-1,-1,-1,-1,-1,326,2241,2579,326,1005,625,2241,2583,326,1005,625,605,0
10185,1,380000,1,3,1,52,2,0,0,0,0,2,390409,369065,375150,383319,385813,365587,15353,14219,15022,29000,0,27000,0
10189,1,360000,1,3,1,41,-1,-1,-1,-1,-1,-1,498,498,498,498,498,498,498,498,498,498,498,498,1
10202,1,120000,2,1,2,27,2,2,-2,-1,-1,-1,500,0,0,41150,0,125,0,0,41150,0,125,0,0
10211,1,90000,2,2,2,31,0,0,0,2,2,2,23418,24443,26695,25967,26946,28346,1408,2660,0,1400,2000,1200,0
10220,1,50000,1,3,2,25,0,0,0,0,0,0,45943,45922,34514,23610,21760,6398,1818,1400,472,435,128,25518,0
10250,1,220000,1,1,1,32,-2,-2,-2,-2,-2,-2,8757,-2323,-3322,-3322,-3622,-2852,9,23000,0,0,3000,0,0
10258,1,360000,1,1,1,32,-1,-1,-1,-1,-1,-1,2708,5562,3906,8413,3079,4075,5588,3924,8454,3093,4095,3045,0
10269,1,240000,1,1,1,50,0,0,0,0,0,0,52771,54522,55634,56628,58228,59985,3000,2400,2300,2300,2500,2100,0
10291,1,50000,2,2,1,50,0,0,0,0,0,0,50224,47178,48400,29781,30082,26609,2200,2520,1000,1100,1000,1000,0
10309,1,70000,1,2,1,34,0,0,0,0,0,-1,59841,60021,58476,20717,11473,22021,2610,1366,414,229,22021,668,0
10320,1,260000,2,2,2,51,0,0,0,0,0,0,200964,205714,208756,168828,155644,159135,8000,8065,7000,10000,10000,10000,0
10331,1,90000,2,1,2,32,1,2,2,0,0,0,32226,33255,32426,32763,33602,34193,1839,0,1176,1367,1300,4337,1
10348,1,200000,1,3,1,36,-1,2,-1,0,0,2,1762,881,24842,28367,28721,20139,4,24846,5004,1540,4,6411,1
10353,1,360000,1,3,1,58,-1,-1,-1,-1,0,-1,1351,554,1090,780,390,388,554,1096,780,0,388,887,0
10389,1,10000,1,2,2,22,0,0,0,0,0,0,6579,7599,8608,8780,9114,9234,1134,1143,315,476,420,1000,1
10439,1,360000,1,1,2,29,-1,-1,-2,-2,-2,-2,51400,0,0,0,0,0,0,0,0,0,0,0,0
10440,1,330000,2,2,1,27,1,-2,-2,-2,-2,-2,0,0,0,0,0,0,0,0,0,0,0,0,1
10447,1,10000,2,2,2,24,-1,-1,-1,-1,-1,2,5666,576,1709,1470,2010,780,576,1709,1470,2010,0,1080,1
10466,1,300000,2,1,2,29,-2,-2,-1,0,0,0,-1282,-1282,132218,133533,136877,139940,0,133500,5000,5500,5500,5500,0
10467,1,70000,2,2,1,43,0,0,2,0,0,2,31652,35809,34934,35652,38079,37314,5000,0,1300,3000,0,1500,0
10474,1,150000,2,1,2,31,0,0,0,0,0,0,90121,51385,26352,27607,29457,40706,2031,2000,2000,2457,12060,40000,0
10480,1,200000,1,5,2,40,2,0,0,0,0,0,58118,205712,194265,139360,82750,0,150000,7673,5000,5000,0,0,0
10486,1,50000,2,2,1,38,-2,-2,-2,-2,-2,-2,0,0,0,0,0,0,0,0,0,0,0,0,0
10516,1,210000,2,1,2,41,-1,0,0,0,0,0,779,11040,12471,13684,15356,16337,11000,2200,2000,2000,2000,2000,0
10527,1,260000,2,2,2,40,-1,-1,-2,-2,-2,-2,1022,1085,0,0,0,0,1085,0,0,0,0,300,0
10528,1,290000,2,1,1,40,-1,-1,-2,-2,-2,-2,636,6732,0,3692,0,1957,6732,0,3692,0,1957,0,1
10529,1,50000,2,2,1,34,1,2,0,0,0,0,49378,48052,48573,28902,28205,30388,0,2033,1119,985,2000,4000,0
10530,1,60000,2,3,2,42,0,0,0,0,0,0,54216,27596,28772,19067,19467,9247,4000,2000,1000,1000,331,343,0
10538,1,200000,2,2,1,37,-1,-1,-1,0,-1,-1,24779,8313,1951,1951,3124,3259,8318,1951,0,3124,3259,0,0
10554,1,130000,2,1,2,30,2,0,0,2,0,0,112822,115526,123658,120259,121205,124778,4527,10122,1,4355,8918,0,1
10563,1,190000,1,2,1,36,0,0,0,0,0,0,79584,83108,82179,80874,81720,87685,7007,2912,2871,3501,8001,3234,0
10576,1,100000,1,1,2,31,2,2,2,2,2,2,84886,86729,87706,88859,90685,92736,4100,3300,3500,3400,3700,4000,1
10577,1,60000,1,2,2,22,0,0,0,0,0,-1,60103,52193,44934,17769,10400,1760,3033,2093,560,600,1760,17933,0
10582,1,90000,2,1,2,24,0,0,0,0,0,0,85365,88054,90370,26420,27398,28295,4054,4444,1420,1398,1345,3265,0
10587,1,120000,2,3,2,53,2,0,0,2,0,0,66963,68780,70830,71557,73052,74502,3500,3800,2500,2804,2820,3000,1
10592,1,210000,2,1,2,33,-1,-1,-1,-1,-1,-1,591,1053,2989,2046,17239,3680,1053,2992,2046,17239,3680,0,0
10594,1,20000,1,1,2,31,0,0,0,2,2,2,12761,13481,15322,14779,15543,16139,1229,2070,0,1000,1000,0,0
10610,1,230000,2,2,1,29,0,0,0,0,0,0,69853,61844,24802,61631,46396,28311,2310,2000,49000,1500,1000,2000,0
10624,1,50000,2,3,1,27,0,0,0,2,0,0,11231,6482,8799,8033,8933,7995,2000,5000,0,1000,1000,1000,0
10647,1,30000,2,2,2,49,0,0,0,0,2,2,11554,12662,13744,14712,14334,15593,1300,1300,1200,0,1500,0,0
10663,1,70000,1,1,2,40,2,2,0,0,0,2,45740,44727,45738,48977,52191,53242,0,1750,4000,4000,2060,2200,1
10664,1,50000,2,1,1,36,2,0,0,2,2,2,37397,40292,43073,44067,44955,44081,3500,3452,2000,1738,0,4000,1
10668,1,150000,1,2,2,45,-1,-1,-2,-1,-1,-1,9487,0,0,159,14903,410,0,0,159,14903,509,0,0
10679,1,200000,1,1,1,37,0,0,0,0,0,-1,4289,2907,3720,7720,5030,2990,1187,1000,4000,1000,3020,0,0
10684,1,20000,1,3,1,53,0,0,0,0,0,0,16854,18075,19020,19000,19500,10000,1500,1400,380,500,500,0,0
10696,1,90000,2,2,1,27,2,2,2,0,0,0,85753,87510,85188,87112,169533,90316,4000,0,4200,3285,7787,4000,1
10698,1,280000,2,1,1,57,-1,-1,-1,2,2,3,929,1669,5707,4795,5328,4969,1669,4795,0,4115,0,0,0
10701,1,150000,2,1,2,27,0,0,-1,0,0,0,3467,2182,1764,9558,59865,55717,2008,1764,9000,55000,4000,4000,0
10713,1,290000,1,2,1,39,1,-1,-1,-1,-2,-2,-9,698,728,-2,-2,-2,707,730,0,0,0,0,1
10715,1,30000,2,2,1,38,0,0,0,0,2,0,7979,9046,10279,10610,10339,8710,1200,1423,754,0,1000,3000,0
10729,1,130000,1,1,1,47,2,2,2,2,2,2,115704,117277,118814,119915,121325,122052,4900,5000,4503,4605,4400,4204,0
10795,1,20000,2,2,2,35,0,0,2,0,0,0,16528,19347,18600,19000,19000,20000,3400,0,1000,0,1000,0,0
10805,1,120000,2,1,2,26,0,0,0,0,0,0,11513,12227,13321,15090,16836,18554,1206,1300,2000,2000,2000,2000,0
10827,1,120000,2,1,2,34,1,-2,-2,-2,-2,-2,0,0,0,0,0,0,0,0,0,0,0,0,0
10841,1,200000,2,4,2,34,-1,-1,-2,-2,-2,-1,6093,4297,15765,3997,4931,429,4310,15818,4009,4945,429,0,0
10851,1,210000,1,2,1,33,0,0,0,0,0,0,141571,138588,142343,69004,70596,69388,5000,6000,2270,2500,2472,2600,1
10873,1,480000,2,3,1,42,-2,-2,-2,-2,-2,-2,7245,0,0,0,790,0,0,0,0,790,0,0,0
10875,1,150000,2,3,2,60,0,0,0,0,0,0,149892,137990,136171,100508,102610,101682,6780,4800,3496,3618,4000,3497,1
10890,1,110000,2,2,2,24,0,0,0,0,0,0,28956,33115,31752,30539,29468,33259,5000,2000,2000,2000,7000,2000,0
10902,1,210000,2,1,1,32,-1,-1,-1,-1,-1,-1,8600,0,4231,4221,4221,4483,0,4231,4221,4221,4483,4300,0
10912,1,30000,2,2,2,22,-1,0,-1,-1,-1,-1,13271,9277,2655,2800,4503,780,2015,2655,2800,4503,780,11500,0
10965,1,420000,1,3,2,32,-1,-1,0,-1,-1,-2,41104,6784,6346,1409,14107,8379,6887,2028,1413,14109,8452,1928,0
10970,1,110000,2,3,1,42,0,0,0,0,0,0,116292,118781,121030,119267,116142,113887,5836,5780,5000,4206,5000,5000,0
10985,1,260000,1,2,1,45,-1,-1,-2,-2,-2,-2,3814,2688,500,2870,1141,679,2861,500,2870,1141,679,0,0
10991,1,360000,1,2,2,26,0,0,0,0,-1,0,89635,80129,75246,72996,73177,67271,3122,2007,1500,73177,2452,2256,0
10995,1,230000,2,1,2,32,1,2,2,2,0,0,205498,210424,212979,207759,212014,225246,10000,7598,0,8000,17000,0,1
10996,1,500000,2,2,2,27,0,0,0,0,0,0,196931,138247,96888,16476,12534,394163,5188,3417,3000,1276,388071,11700,0
11013,1,20000,2,2,2,45,1,1,-1,0,-1,-1,4516,-630,18976,8005,3034,9287,700,21400,1005,3034,9287,85,0
11031,1,20000,1,2,2,24,0,0,2,2,0,0,17196,20609,20654,19118,18104,19846,4007,700,0,1000,2000,800,1
11039,1,200000,1,2,1,27,0,0,0,0,0,0,112133,116017,119576,121954,124517,127441,5693,7000,4362,4525,5000,5000,0
11048,1,50000,2,2,1,28,1,2,0,0,2,0,5490,4471,5570,6676,5235,3728,0,1200,1308,0,500,1000,0
11059,1,360000,1,1,2,26,0,0,-1,-1,-1,-1,7127,6872,3381,1151,1155,381,1034,3397,1156,1160,382,1902,0
11079,1,470000,1,3,2,37,2,0,0,0,0,0,499024,494290,470617,398523,389927,381295,20600,19000,14000,13600,13600,13500,1
11094,1,210000,1,1,1,40,0,0,0,0,0,0,60183,63035,70237,70228,67289,85008,10000,10000,10000,2576,20000,10000,0
11096,1,220000,2,3,1,37,-1,-1,2,-1,-1,-1,200,400,200,200,350,350,400,0,200,350,350,200,1
11106,1,490000,1,1,1,45,-1,-1,-1,-1,-1,-1,9763,7059,5606,3136,3353,12336,7059,6000,3136,3353,12336,1493,1
11116,1,270000,2,1,2,31,0,0,0,0,0,0,167428,168827,148031,92943,94464,92899,6155,5382,3270,3377,3329,3553,1
11121,1,20000,2,2,2,23,-1,-1,-1,-1,-1,-1,390,390,390,390,390,390,390,390,390,390,390,390,0
11148,1,500000,2,1,2,41,-1,-1,-1,-1,-1,-1,2345,3595,1537,360,0,785,3595,1537,363,0,785,0,1
11168,1,70000,2,1,2,25,-1,-1,0,0,-1,-1,2781,18180,3463,4256,4244,10032,18180,1500,3000,4244,10032,7329,0
11173,1,60000,2,3,2,26,0,0,0,0,0,0,58643,47548,48491,28518,29157,30073,2100,2000,1000,959,1300,500,0
11183,1,50000,1,2,2,34,1,2,0,0,0,2,50940,48429,23091,10202,10476,10161,0,2000,500,1200,0,500,0
11189,1,350000,2,1,1,32,0,0,0,0,0,0,67761,63187,58719,60737,63593,82202,8007,2200,3000,4000,20000,8000,0
11198,1,130000,1,3,1,54,3,3,2,0,0,0,131139,132596,127906,86109,81941,84545,6000,0,3029,4000,5000,3300,0
11199,1,150000,1,3,2,32,0,0,0,0,0,0,148352,151267,143254,137379,35290,1200,5210,5212,4610,706,1200,0,0
11206,1,130000,2,3,1,32,-1,-1,-1,0,0,-1,326,326,4058,5732,7406,4124,326,4058,2000,2000,4124,326,1
11219,1,30000,1,3,2,26,1,-1,2,0,-1,-1,-857,29237,1170,780,10500,0,30484,0,0,10500,0,0,0
11225,1,50000,1,3,2,46,0,0,0,0,0,0,50297,46613,46666,20162,19864,19680,1852,4050,676,730,866,3000,1
11229,1,310000,1,2,1,34,-1,0,0,-1,-1,-1,63908,64224,4595,636,72955,-18,1867,1023,641,73319,0,150,0
11257,1,110000,2,2,1,24,0,0,0,0,0,2,42667,43734,43495,43504,45987,44274,2600,1667,1525,4000,0,3000,0
11260,1,100000,1,3,2,32,2,2,0,0,0,0,103540,98205,12605,10437,7920,7350,254,1418,250,306,524,23910,0
11262,1,120000,2,2,2,27,2,0,0,0,0,0,51244,51819,53375,54620,56170,57240,2000,2000,1700,2000,1700,1656,0
11269,1,130000,2,1,2,26,-2,-2,-2,-2,-2,-1,0,0,0,402,0,2054,0,0,402,0,2054,0,0
11284,1,30000,2,2,2,25,1,2,2,2,2,2,26568,27456,27915,27185,28806,28208,1600,1200,0,2200,0,2500,0
11285,1,280000,2,1,1,32,1,-2,-1,0,0,-2,0,0,3508,3508,-200,-200,0,3508,0,0,0,0,1
11292,1,180000,2,3,1,31,-2,-2,-2,-2,-2,-2,247,1562,1548,768,0,0,1562,1548,768,0,0,0,0
11296,1,130000,2,1,2,30,3,2,2,0,0,0,8830,9533,10220,10353,10636,10711,1000,1000,600,600,400,600,1
11300,1,260000,2,3,1,41,0,0,0,2,2,0,137614,137133,134970,88806,86858,89970,5700,9000,4500,0,5000,3700,1
11327,1,130000,2,1,2,29,-1,-1,0,0,0,0,390,99235,98080,97224,97940,99170,99235,4368,3449,3713,3610,3531,0
11357,1,30000,2,3,1,43,1,2,2,2,2,2,12603,13103,13785,13911,13548,14465,1000,1200,646,0,1300,1000,0
11360,1,90000,2,1,2,42,2,0,0,0,0,0,88346,85975,86302,67592,69518,68228,3500,3500,3000,3000,3000,2800,1
11362,1,130000,1,1,1,29,1,2,0,0,0,-1,162757,143233,130477,99119,101535,89883,5,6000,5000,5000,100207,1622,1
11363,1,60000,2,2,2,24,1,-2,-2,-2,-1,-1,0,0,0,0,150,560,0,0,0,150,560,1170,0
11366,1,200000,2,2,1,40,-1,-1,-1,-1,0,-1,7261,32333,12610,7850,977,9205,32543,13587,7850,0,9205,0,0
11377,1,500000,2,2,1,38,-1,-1,0,0,-1,0,2343,4666,3492,3008,16871,19188,4695,2506,2015,16883,5013,8031,0
11386,1,130000,2,2,2,27,-1,-1,-1,-1,-1,-1,390,390,390,390,390,380,390,390,390,390,380,400,0
11388,1,200000,2,1,1,35,-1,2,-1,-1,-1,-1,1972,582,1891,0,1908,290,0,1891,0,1908,290,3100,1
11402,1,390000,2,2,1,31,0,0,0,0,0,-2,49667,33900,33545,16666,0,0,1700,17000,333,0,16666,13807,0
11406,1,400000,1,2,1,37,-1,-1,-1,-1,-1,-1,7011,9639,8102,8585,12633,20338,10000,8501,9003,13000,20500,11000,0
11426,1,250000,2,2,1,40,1,2,2,-2,-2,-1,7067,998,0,0,0,1604,4,0,0,0,1604,0,0
11435,1,220000,2,2,3,50,0,0,0,0,0,0,127571,116768,55863,57079,51202,53195,5200,2000,2000,2000,3200,2001,0
11450,1,30000,1,2,2,26,0,0,0,0,2,0,26990,24706,25022,26405,25861,27778,4900,2000,2100,0,2500,1840,0
11454,1,140000,2,1,2,52,-1,-1,-1,-1,-2,-2,1388,0,980,0,0,0,0,980,0,0,0,0,0
11455,1,500000,2,1,1,38,-1,-1,-1,-1,-1,-1,7789,9656,7477,8370,8890,6424,9666,7488,8370,8890,6424,21032,0
11475,1,50000,2,2,1,30,0,0,0,0,0,0,43334,41935,14854,14125,12176,13827,1986,1040,1000,1000,3000,1000,0
11480,1,340000,2,1,2,27,0,0,0,-1,-1,-1,30452,36919,24268,3210,3240,11095,6919,4322,3210,3240,11095,3345,0
11496,1,320000,1,2,1,42,-2,-2,-2,-2,-2,-2,730,1550,0,2000,700,760,1550,0,2000,700,760,810,0
11513,1,240000,2,2,1,32,-1,-1,-1,-1,-1,-1,4101,7101,5500,5500,5500,5463,8500,5500,5500,5500,5463,5500,0
11522,1,20000,2,2,1,42,0,0,0,0,0,0,19185,18621,19605,19717,19203,19871,1323,1307,691,705,995,722,0
11533,1,100000,1,2,2,27,0,0,0,0,0,0,10458,9899,6618,3895,4037,12959,2500,1162,3000,159,11845,200,0
11552,1,150000,1,2,2,38,-1,-1,-1,-1,-1,2,476,476,476,476,1102,476,476,476,476,1102,0,476,0
11580,1,90000,2,3,1,39,0,0,0,-1,-1,-1,4968,4713,2290,1764,1728,1954,1203,1005,1764,1728,1954,1416,0
11588,1,420000,2,3,1,36,-2,-2,-1,0,0,0,0,0,277510,279493,285447,291183,0,277510,10000,10000,10000,10500,0
11596,1,50000,1,2,2,31,0,0,0,0,0,0,40754,41588,43409,45919,48530,0,2000,2000,3000,3000,0,0,0
11602,1,150000,2,3,1,35,0,0,0,0,0,0,89604,97129,98795,98925,100017,99607,10000,4275,3550,3750,3600,3100,1
11651,1,490000,1,1,1,54,-2,-2,-2,-2,-2,-2,0,0,0,0,0,0,0,0,0,0,0,0,1
11681,1,80000,1,3,1,43,0,0,-1,-1,-1,-1,231550,223337,206390,0,1257,33592,5067,12290,0,1257,35238,1145,0
11697,1,200000,2,3,1,28,-1,-1,2,-1,0,-1,188,2791,188,376,188,6884,2791,0,376,0,6884,4187,1
11707,1,170000,1,1,1,41,-1,-1,-1,0,0,-1,10540,0,9871,9739,66,230,0,9871,0,0,230,23709,1
11716,1,60000,1,1,2,28,0,0,0,0,2,0,18996,20806,22447,24337,23808,24610,2120,2000,2269,0,1200,2269,1
11739,1,120000,2,2,1,30,2,0,0,0,2,2,87199,89008,90834,95499,93857,99504,4110,4203,7100,0,7396,3700,1
11747,1,180000,1,1,2,33,0,0,0,-1,-1,-2,37711,40102,78400,3000,0,0,3000,40129,3000,0,0,0,0
11755,1,160000,2,2,2,27,1,-2,-1,0,0,-2,0,0,6204,6204,0,0,0,6204,0,0,0,0,0
11757,1,30000,1,2,3,45,0,-1,-1,0,0,-2,3390,390,780,780,0,0,390,780,0,0,0,0,0
11822,1,20000,1,2,2,25,1,2,0,0,0,0,20415,18266,18921,19297,18926,17717,1264,1249,625,700,1000,1000,0
11826,1,210000,1,1,2,30,1,-2,-2,-2,-2,-2,0,0,0,0,0,0,0,0,0,0,0,0,1
11829,1,130000,1,1,2,26,1,-1,2,2,-1,-1,-888,5806,888,0,5087,3103,6694,0,0,5087,3103,2490,0
11831,1,60000,1,2,1,35,0,0,0,2,2,2,10560,11312,13050,12578,14008,13179,1200,1900,0,1600,0,500,1
11832,1,160000,2,2,2,28,-1,-1,-1,-1,-1,2,1426,326,1976,810,2165,1997,326,1976,810,2165,0,28377,0
11857,1,150000,2,1,1,32,1,2,2,-2,-2,-2,4605,4390,-25,-25,-25,-25,22,0,0,0,0,0,0
11868,1,420000,1,1,1,46,2,2,0,0,0,0,436968,428712,425345,354852,353113,353720,0,16100,13000,14064,111170,11300,0
11872,1,80000,1,1,1,33,0,0,0,0,0,0,75593,71643,49481,38427,34683,159,2503,1508,1500,1600,279,0,0
11901,1,210000,1,2,2,35,1,-2,-2,-2,-2,-2,0,0,0,0,0,0,0,0,0,0,0,0,0
11905,1,10000,1,2,2,21,0,0,-2,-2,-2,-2,9900,0,0,0,0,0,0,0,0,0,0,0,1
11906,1,140000,2,1,2,30,-1,-1,-1,-1,-1,-1,4717,5329,5445,5328,6243,21030,5329,5445,5328,6243,21030,10266,0
11916,1,500000,2,2,2,48,0,0,0,0,0,0,185627,182655,180782,194893,93416,94255,8000,9387,20000,3525,3338,3450,0
11918,1,90000,2,2,1,34,1,-1,-1,-2,-2,-1,0,2098,0,0,0,501,2098,0,0,0,501,0,0
11919,1,90000,2,3,1,44,0,0,0,0,0,0,94393,93361,91820,48220,45766,43343,3820,3785,1721,1651,1661,2147,0
11947,1,30000,2,2,1,25,0,0,0,2,2,2,29883,27523,31010,30207,31203,30554,2000,4273,0,2640,0,1500,1
11948,1,360000,2,1,1,42,-1,-1,-1,-1,-1,-1,5658,4164,2469,0,5724,7334,4164,2469,0,5724,7334,5221,0
11980,1,50000,2,1,2,50,0,0,0,0,0,0,51016,49000,20356,20241,20304,20119,2098,1303,698,719,716,833,0
12000,1,20000,1,2,2,30,1,2,0,0,0,-2,18231,34558,17363,17569,0,0,0,1200,406,0,0,0,1
12010,1,230000,2,1,1,31,-2,-2,-2,-2,-2,-2,0,0,0,0,0,0,0,0,0,0,0,0,1
12017,1,120000,2,2,2,26,0,0,0,-2,-2,-1,4787,6190,0,0,0,4800,1500,0,0,0,4800,0,0
12030,1,50000,1,2,2,35,1,2,2,0,0,2,40624,41381,40416,41395,44063,44587,1700,0,1650,3505,1400,1700,1
12036,1,30000,1,3,2,44,4,3,2,7,7,7,2646,2646,2646,2646,2646,2646,0,0,0,0,0,0,0
12038,1,80000,2,6,2,51,0,0,0,0,-1,0,9747,7592,7420,1467,7505,3837,1203,1020,1467,7505,135,61,0
12079,1,30000,2,3,0,46,1,2,2,2,2,2,20143,19532,22194,21542,24022,25473,0,3000,0,3000,2000,0,0
12081,1,50000,2,2,1,36,-1,-1,-2,-2,-2,-2,4782,0,0,0,0,0,0,0,0,0,0,0,0
12097,1,50000,1,3,3,55,2,0,0,0,0,0,47067,48410,49218,18937,19183,19761,2400,2200,824,700,900,852,0
12105,1,70000,2,3,2,23,0,0,2,0,0,0,16103,17185,16581,14106,14427,11689,2800,0,650,650,570,450,0
12138,1,180000,2,2,2,28,0,0,0,0,0,0,10479,11793,12500,13383,14760,15472,1410,1117,1000,1500,1000,1000,0
12163,1,120000,1,2,1,31,2,2,2,2,2,2,53672,56495,57455,58127,59367,60333,4300,2500,2200,2300,2114,1,1
12166,1,110000,2,3,2,32,0,0,0,0,0,0,50433,42098,42753,42428,43740,44858,2200,2000,2500,2300,2300,2000,0
12179,1,260000,2,1,1,35,0,0,0,0,0,0,89420,86716,82868,80715,76377,44627,3578,2400,2000,2000,1464,1188,0
12193,1,80000,2,2,1,37,1,2,0,0,0,2,55595,54142,55247,55738,59829,58715,0,2600,2006,5000,0,5000,0
12198,1,240000,2,2,1,41,1,2,0,0,0,0,137327,133724,136539,137487,141291,20143,0,6702,5000,6019,6099,14762,1
12208,1,190000,1,1,1,42,-1,-1,-1,-1,-1,-1,7776,3706,7517,2168,4918,5300,3706,7523,2168,5300,3000,0,0
12265,1,360000,2,2,1,28,1,-2,-2,-2,-2,-2,0,0,0,0,0,0,0,0,0,0,0,0,0
12269,1,110000,2,2,2,25,2,0,0,0,0,0,109924,111805,108207,75808,78490,81238,6000,4380,3000,5000,10000,3000,1
12275,1,40000,2,2,2,23,2,2,2,0,0,0,33313,34086,33239,33938,34694,35389,1600,0,1250,1300,1270,2800,1
12280,1,80000,2,2,1,27,-1,-1,-1,-1,-1,-1,1995,0,680,2862,5539,0,0,680,2862,5539,0,5775,0
12297,1,420000,1,1,1,32,0,0,0,0,0,0,45060,25056,24751,24984,24983,23751,1407,1332,963,877,1000,908,1
12315,1,100000,2,2,1,29,0,0,0,0,0,0,53840,43503,43417,43872,42215,42917,1748,1662,1670,1525,2000,1660,0
12334,1,60000,2,2,2,23,0,0,0,0,0,0,60380,55367,111334,19358,19760,20223,2296,2510,838,862,1015,400,1
12350,1,110000,1,2,2,29,0,0,0,0,0,0,112533,109515,48917,46765,40212,39690,4101,3000,2000,3000,5000,3000,0
12366,1,280000,1,1,2,28,-1,-1,-1,-1,0,0,4468,11517,1973,11028,14261,17097,11525,2149,11030,4008,7106,1193,0
12384,1,340000,2,1,2,30,-1,-1,-1,-1,-1,-1,2943,3352,3738,1794,1339,10673,3375,3759,1803,1345,10726,869,0
12408,1,270000,2,1,1,33,0,0,0,-2,-1,0,22604,26906,0,0,4448,5667,5000,0,0,4448,1300,2443,0
12425,1,220000,1,3,2,30,0,0,-1,-1,-1,-1,35258,17740,4698,5036,8269,3681,1066,4723,5051,8293,3692,3087,0
12426,1,140000,2,2,2,26,0,0,-1,-1,-1,0,8178,3776,3776,3776,4173,4287,1000,3776,3776,4173,1000,5049,0
12428,1,200000,2,2,2,35,-1,-1,-1,-1,-1,-1,11409,1222,3308,481,-19,3821,1228,3324,483,0,3840,0,0
12431,1,20000,1,2,2,24,2,2,4,4,4,4,1650,1650,1650,1650,1650,1650,0,0,0,0,0,0,1
12443,1,500000,1,3,2,51,-1,-1,-1,-1,-1,-1,2362,575,360,964,957,176,575,361,978,958,176,310,0
12469,1,80000,1,2,2,23,2,2,0,0,0,0,71528,69817,70719,39288,40500,41668,0,2131,2000,2000,2000,3000,0
12478,1,400000,2,1,1,38,-1,-1,-1,-1,-1,-1,16195,10713,11340,10390,620,10390,10713,11340,10390,620,10390,727,0
12487,1,200000,2,3,1,50,0,0,0,0,0,0,141886,141771,141129,134295,135962,112870,7000,8000,4100,4200,4300,4500,0
12493,1,20000,2,3,1,33,0,0,0,0,0,0,2909,3537,4120,3802,3484,3152,1224,1197,269,269,261,227,0
12504,1,200000,2,1,1,46,1,-2,-2,-2,-1,-1,9367,0,0,0,9400,13039,0,0,0,9400,13039,0,1
12526,1,327680,1,3,2,42,0,0,0,0,0,0,344011,336175,333048,277250,256365,243600,11219,11461,9100,8345,7783,9200,1
12553,1,70000,1,1,1,42,0,0,0,0,0,0,71255,71338,71267,69813,71324,71268,2800,2800,2900,2800,2800,2990,1
12557,1,20000,2,2,1,21,1,-2,-1,-1,-2,-2,0,0,289,0,0,0,0,289,0,0,0,0,1
12573,1,50000,1,1,2,26,0,0,-1,-1,-1,-1,11550,11368,138,1022,316,450,1000,200,1200,600,600,600,0
12589,1,30000,2,3,1,44,2,2,2,2,0,0,33382,34547,35100,32859,32041,31262,2000,1500,0,1112,1175,2200,1
12600,1,150000,1,3,1,38,0,0,0,0,0,0,40441,38497,39552,40393,41243,42157,2000,2000,1500,1500,1600,1600,0
12606,1,60000,1,3,2,29,0,0,0,0,0,0,4262,11674,6281,7920,8472,8735,7662,1269,1908,1000,727,0,0
12609,1,10000,1,2,1,30,-1,-1,-1,-1,-2,-2,390,0,780,0,0,0,0,780,0,0,0,0,1
12614,1,470000,1,1,2,27,-1,-1,-1,-1,0,0,4007,3201,14509,21168,14501,8726,3201,14509,21168,0,1528,6970,0
12616,1,200000,2,1,1,34,-2,-2,-2,-2,-1,0,12322,25851,35691,-24303,38674,30784,13871,74000,882,124264,14692,8640,1
12631,1,80000,2,2,2,27,0,0,0,0,0,0,64561,47041,25439,26140,28833,28459,2176,1299,1000,3000,981,2000,0
12653,1,100000,1,3,2,29,0,0,0,0,0,-2,47919,30820,28503,6810,-3,-3,2000,1000,1039,12920,0,0,0
12657,1,70000,1,2,3,34,-2,-2,-1,0,0,0,58875,0,72772,39980,40126,39788,0,72772,1400,1500,1500,1600,0
12662,1,80000,1,2,2,27,0,0,0,0,0,0,38220,33962,31297,27679,7689,8802,3000,1000,730,2015,1000,2000,0
12663,1,50000,1,2,1,38,0,0,0,0,0,0,50748,48626,20712,17834,18248,19390,1500,1200,2500,618,4000,3000,0
12685,1,170000,2,1,2,30,0,0,0,0,0,0,30552,29342,30544,30477,2609,1359,2500,2500,780,1100,400,918,0
12695,1,200000,1,1,1,38,2,0,0,0,0,0,194281,188638,190824,133233,115882,117534,7332,5818,4451,4472,3850,3602,0
12697,1,370000,2,1,1,42,0,0,0,0,0,0,271452,256269,200761,125646,111185,45816,11295,8300,5000,4600,10000,280000,0
12726,1,240000,1,1,2,43,0,0,0,0,0,-2,73462,82677,76248,79684,58231,7100,65361,30646,70204,10000,7100,8318,0
12741,1,200000,1,1,2,28,-2,-2,-2,-2,-2,-2,972,-1,-1,299,299,293,0,0,300,300,294,0,0
12751,1,20000,1,3,2,23,1,2,0,0,0,3,14034,13524,14983,16197,18932,18271,0,2000,1780,3000,0,0,1
12761,1,50000,1,1,2,30,0,0,2,2,2,2,44572,48361,47192,50588,40009,43685,4500,0,4000,0,5000,0,0
12776,1,170000,2,2,1,42,-1,-1,-1,-1,-1,-1,415,415,415,415,1215,1390,415,415,415,1215,1390,1215,0
12791,1,180000,1,2,1,44,-1,-1,-1,-1,-1,-1,1110,1110,1110,1110,1110,1110,1110,1110,1110,1110,1110,1110,0
12795,1,190000,1,1,2,31,-2,-2,-1,-1,0,0,-579,0,400,579,579,-421,579,400,579,0,421,0,1
12804,1,150000,1,3,1,52,0,0,0,0,0,0,88812,90649,92499,94364,97589,99921,2564,2616,2647,4000,3158,2215,1
12812,1,100000,1,3,1,54,0,0,0,5,4,3,46041,59526,72823,71105,69424,68006,15000,15000,0,0,0,2700,0
12821,1,280000,1,1,1,60,-2,-2,-2,-2,-2,-2,792,0,192,396,0,396,0,192,996,0,396,396,0
12836,1,120000,1,4,1,39,2,0,0,0,0,-1,114647,114645,72188,42840,19860,390,5000,10000,4000,5000,390,780,1
12861,1,50000,2,1,1,29,0,0,0,0,0,0,48305,49726,50389,30410,30364,30063,2500,2109,1100,1100,1100,1100,0
12867,1,20000,2,2,2,25,0,0,0,0,0,0,20195,19638,17198,14253,18475,13878,1376,1121,460,6000,624,2000,0
12869,1,80000,1,2,2,25,0,0,0,0,0,-1,45113,26796,19100,14600,9000,2000,1456,1200,0,0,2000,5500,0
12877,1,20000,2,3,2,28,1,3,6,5,4,3,19109,23788,23154,22520,21596,20962,5000,0,0,0,0,0,1
12883,1,270000,2,2,1,34,0,0,0,0,0,0,160006,163338,166672,170000,173547,177013,5420,5532,5572,5763,5804,5996,0
12891,1,180000,2,1,2,29,0,0,0,0,0,0,134797,134041,132295,130166,129158,127963,5000,4600,4600,4700,4972,5000,0
12900,1,140000,2,1,2,28,-1,-1,-1,-1,-2,-2,8483,9526,33788,-18,-18,-18,9532,33788,0,0,0,0,0
12906,1,400000,2,1,2,33,-1,2,-1,-1,-1,-1,565,565,11471,1779,0,3470,0,11495,1779,0,3470,24096,0
12907,1,250000,2,1,1,43,-2,-2,-2,-2,-2,-2,34200,0,110801,0,18805,0,0,110801,0,18805,0,0,0
12924,1,260000,2,1,1,61,1,-2,-2,-2,-2,-2,-551,16449,-20320,-20320,-20320,-20320,17000,2631,0,0,0,0,0
12927,1,500000,2,1,1,33,-2,-2,-2,-2,-2,-2,363,2089,4822,48741,92978,0,2089,4822,48741,92978,0,39037,0
12941,1,60000,2,3,1,33,0,0,0,0,0,0,57561,57766,49351,28549,29063,28863,2100,3000,1500,1500,1100,1100,0
12946,1,150000,2,2,2,42,-1,-1,-1,-2,-1,-1,2800,67568,0,0,6674,0,67568,0,0,6674,0,0,0
12955,1,150000,2,1,2,29,-1,-1,-1,0,-1,-1,560,290,549,204,16048,0,390,649,145,16048,0,0,0
12991,1,60000,2,3,1,36,1,2,2,2,0,0,57285,61118,61947,60353,4980,2160,5336,2550,16,0,0,0,1
13009,1,70000,1,2,1,35,0,0,0,0,0,0,70480,66646,69641,46458,50679,50061,3237,4938,1693,5000,2200,1718,0
13011,1,60000,1,2,2,26,-1,-1,2,0,-1,2,1396,1653,392,502,962,422,1700,0,500,1000,0,20417,0
13012,1,110000,1,2,2,26,0,0,0,0,0,2,34949,35686,37086,37967,40551,39749,1600,2000,1500,3200,0,1500,0
13017,1,240000,2,1,2,30,-1,-1,-1,-1,-1,-1,498,-2,20517,0,11423,0,0,20519,0,11423,0,0,0
13031,1,130000,2,2,2,31,0,0,0,0,0,0,97544,99208,102946,103750,105818,98401,4000,5300,3700,3600,3700,3500,0
13038,1,130000,2,1,2,26,-1,-1,-1,-1,-1,-1,3597,4398,3738,1396,13069,1285,4398,3746,1396,13069,1285,1034,1
13041,1,20000,2,3,1,52,0,0,2,0,0,3,11271,13513,12999,14456,16313,15766,2743,0,1686,2089,0,0,0
13042,1,20000,1,1,2,23,0,0,0,0,0,0,15196,16373,17590,18107,18756,19949,1428,1500,800,936,2000,797,0
13071,1,500000,2,1,1,38,1,-2,-1,-1,-2,-1,0,0,2331,0,0,2199,0,2331,0,0,2199,0,0
13078,1,50000,2,2,2,34,1,-2,-1,-1,-1,0,0,0,400,0,600,600,0,400,0,600,0,4275,1
13095,1,20000,1,3,1,55,1,2,0,0,0,0,19420,19810,20037,19640,15378,7284,1000,1400,393,308,1000,0,0
13098,1,30000,2,2,1,26,-2,-2,-2,-2,-2,-2,-32,5588,1200,2444,2309,0,11208,1211,2444,2615,0,0,0
13099,1,460000,1,2,2,30,0,0,0,0,0,0,396155,367501,257836,388058,324478,313547,15299,7524,324097,12039,12006,12272,0
13101,1,60000,2,2,1,35,1,2,2,2,2,3,5601,5366,6772,6515,7906,7487,0,1500,0,1500,0,0,0
13105,1,50000,1,3,2,50,0,0,0,0,0,0,50693,43217,32829,26811,24477,24177,1900,1677,900,1023,1024,1016,0
13121,1,80000,1,2,2,46,0,0,0,0,0,0,44302,45311,46321,47259,48230,49351,1192,1202,1135,1165,1326,2204,0
13152,1,180000,2,2,1,34,1,2,2,2,2,2,142024,144790,146552,142714,152219,149618,6500,5600,0,12000,0,11800,1
13157,1,150000,1,2,1,66,0,0,0,0,0,0,190790,167666,145132,148054,146358,145253,4942,4875,4085,4113,4074,4820,0
13176,1,130000,1,1,1,58,0,0,0,0,0,-1,137671,139089,50093,49303,14772,150,4300,1500,0,0,1233,870,0
13177,1,50000,1,2,2,24,0,0,0,0,0,0,50628,50705,50328,19542,19439,19683,2235,1858,823,838,702,687,0
13190,1,90000,2,2,2,55,0,0,0,0,0,0,82901,64530,33550,34216,34933,35628,1544,3114,1223,1267,1275,1320,0
13193,1,120000,2,2,1,39,0,0,0,0,0,0,44630,37772,27827,3228,3294,0,1999,1040,265,66,0,0,0
13197,1,20000,1,3,2,52,2,0,0,0,0,0,14038,13568,14630,27408,13984,0,1338,1400,274,560,0,0,1
13198,1,140000,2,2,2,26,0,0,0,0,0,2,135294,137425,134487,135945,131296,139207,7462,6487,5025,6101,10601,2,0
13201,1,340000,2,2,1,36,1,-2,-2,-1,-1,-1,0,0,0,150,920,0,0,0,150,920,0,17386,0
13209,1,30000,1,2,2,34,0,0,0,0,0,0,28509,29739,29372,29514,27226,25408,2003,1504,2017,2000,1000,1100,0
13235,1,130000,2,2,2,35,0,0,0,0,0,2,42950,44293,45004,46257,49312,50252,2036,1747,2000,3800,1900,1900,1
13236,1,50000,2,2,1,55,0,0,2,0,0,0,37984,41234,37701,28181,28711,29368,3900,0,1300,1100,1100,1000,1
13254,1,20000,1,1,1,48,2,2,0,0,0,0,14246,13727,14725,15018,15338,15242,0,1238,531,555,547,533,1
13261,1,10000,2,2,2,26,0,0,0,0,0,0,6346,7364,8374,8540,8719,8905,1129,1139,305,316,331,303,0
13283,1,110000,2,1,2,25,1,2,2,0,0,0,60491,61874,56386,44181,35538,25417,3000,31,3000,1500,2000,1000,0
13296,1,20000,1,2,1,28,0,0,0,0,0,0,18537,19205,19687,19684,19842,19965,1358,1230,617,776,1000,4000,0
13312,1,150000,2,1,2,28,-1,-1,2,-1,-1,2,1159,2468,1159,1159,11476,10249,2468,0,1159,11476,0,2034,0
13313,1,50000,1,3,2,34,-2,-2,-2,-2,-2,-2,17095,18261,19313,19304,19725,5770,1448,1500,419,455,115,19627,0
13314,1,30000,2,3,2,26,2,3,2,2,2,2,28189,27467,26729,27291,28819,29201,0,0,1300,2123,1000,2000,1
13329,1,390000,2,1,2,31,0,0,0,0,0,0,252109,252401,180074,178025,198721,162444,12009,7508,6000,39604,6341,5000,1
13351,1,310000,2,1,2,36,-1,-1,-1,-1,-1,-1,6514,8619,6204,2905,7944,13125,8619,6206,2905,7944,13524,16233,0
13360,1,200000,2,1,2,29,0,-1,0,0,0,0,1467,439,2257,43720,43968,45182,439,2000,42000,1700,2000,1700,0
13369,1,10000,1,2,2,35,0,0,0,0,0,0,8857,8661,9055,9665,9297,5555,2300,1000,1000,1000,2000,3094,0
13374,1,50000,2,1,2,28,0,0,0,0,0,2,48726,48261,39336,10142,10174,9904,2406,2000,462,736,0,147,0
13376,1,10000,2,3,1,58,0,0,0,0,0,0,7569,8598,9590,9782,9986,9173,1158,1150,335,346,336,1323,0
13378,1,80000,2,3,1,30,1,-1,2,2,-2,-2,0,1684,1509,-357,-357,-357,1684,0,0,0,0,0,0
13422,1,100000,2,1,2,29,2,2,2,2,2,2,74032,75557,76434,74611,79292,80945,3300,2700,0,5900,3100,0,0
13438,1,360000,1,1,2,39,0,0,0,0,0,0,163150,150666,173353,156875,64965,36290,50122,50181,20609,30291,30121,30092,0
13440,1,180000,2,2,2,39,0,-1,-1,-1,-1,-1,57500,785,47392,0,460,0,785,47822,0,460,0,2070,0
13443,1,610000,2,1,2,35,0,0,0,0,0,0,389335,388150,392776,399343,402432,409912,14117,14100,14144,17100,17500,3600,0
13444,1,50000,2,3,2,35,0,0,0,0,0,0,9999,11020,12027,12109,12360,12602,1489,1496,578,594,596,613,0
13480,1,390000,1,1,1,41,2,2,2,2,2,2,167795,171245,167317,175283,179140,182864,7299,0,12000,6500,6500,0,1
13487,1,20000,1,1,2,26,1,2,0,0,0,0,15397,10403,7207,7351,7512,8380,0,1500,264,280,1000,813,0
13491,1,150000,1,2,1,45,0,0,0,0,0,0,44832,46939,57181,49453,86869,79150,6020,15043,5021,46034,5002,5000,0
13492,1,160000,2,2,2,28,0,0,0,0,0,0,84668,88294,91784,108310,103166,104677,5000,5000,20000,5000,5400,6100,0
13494,1,230000,1,1,1,45,0,0,0,0,0,0,26071,27937,28774,29202,29683,30277,2200,2000,1100,1000,980,1012,0
13500,1,200000,1,1,2,32,-2,-2,-2,-2,-1,-1,47244,92754,57928,523,223,7037,62330,57928,523,223,7037,11000,0
13520,1,70000,2,2,1,33,0,0,0,0,0,-1,43981,33439,24926,10681,7431,4705,1683,3160,3000,3000,5060,5032,0
13554,1,360000,2,1,2,27,-1,-1,-1,0,0,-1,949,40,175512,74334,46985,50276,40,175539,1372,0,50276,13460,0
13572,1,510000,1,1,1,35,-2,-1,0,0,-2,-1,0,2754,3700,0,0,102097,2754,1000,0,0,102097,3509,0
13587,1,80000,2,2,1,50,0,0,0,-1,0,-1,56602,14233,15729,3000,1500,1500,5000,5000,3000,0,1500,4473,0
13628,1,30000,2,1,2,25,1,2,2,2,0,0,29628,30453,30082,28933,25255,25344,1600,1000,7,880,3028,0,0
13644,1,430000,2,2,1,41,-2,-2,-2,-2,-2,-2,2830,21419,15555,6705,6705,5673,21419,0,6705,0,5673,7791,0
13648,1,120000,2,1,2,30,-1,2,-1,-1,-1,-1,330,165,165,0,165,0,0,165,0,165,0,0,1
13657,1,200000,1,1,1,43,0,0,2,0,0,0,142291,152679,148682,146505,150963,146553,14200,0,7000,7000,6500,11000,0
13665,1,20000,1,2,2,39,0,0,0,0,-2,-2,8799,9671,11500,0,0,0,1171,2000,0,0,0,0,0
13690,1,110000,1,1,2,25,2,0,0,0,2,0,109887,99030,89317,80674,79311,81246,3500,6748,5700,0,3200,5700,1
13692,1,260000,2,4,2,33,0,0,0,0,0,0,18457,22815,27086,27821,30767,29890,5000,5000,1137,5000,1085,5000,0
13722,1,60000,1,2,2,38,0,0,0,0,0,0,42184,42108,41300,40840,40366,39737,2014,1616,1566,1700,1600,1400,0
13762,1,100000,2,1,2,35,0,0,0,0,0,0,99031,90779,84891,76232,77833,74885,3300,4300,3000,2626,2913,2600,0
13766,1,160000,2,1,2,31,1,-2,-2,-2,-1,-1,-200,-200,-200,0,10199,0,0,0,200,10199,303,0,0
13782,1,270000,2,2,2,30,0,0,0,0,0,0,280435,276971,225836,219426,210514,180129,13600,8000,7000,10000,7000,10000,0
13784,1,10000,2,2,2,22,5,4,3,2,2,2,8541,8270,7995,7720,8224,7944,0,0,0,778,0,158,1
13819,1,340000,2,2,1,32,0,0,0,0,0,0,34228,96716,74983,43557,15559,0,75113,2047,766,77,0,394,0
13825,1,230000,1,1,1,42,2,0,0,0,0,0,222059,161817,160270,60604,60986,62195,7300,4160,2308,2300,2223,2304,1
13829,1,230000,2,2,2,31,0,0,-2,-1,-1,0,47906,0,0,1255,80158,81775,0,0,1255,80158,3107,2857,0
13840,1,200000,2,1,1,32,-1,2,-1,-1,0,-1,220,110,110,11946,32836,110,0,110,11946,21000,110,0,1
13852,1,30000,1,3,2,39,1,2,0,0,0,0,27934,27206,28404,24865,24528,25011,0,2000,1100,1100,1042,917,1
13868,1,380000,2,1,1,31,0,0,0,0,2,0,225905,225515,227387,197959,194710,199300,11000,9000,15000,0,8000,8000,0
13886,1,210000,1,3,1,44,-2,-2,-2,-2,-2,-2,1525,800,850,2340,2380,2694,800,850,2340,2380,2694,1530,0
13897,1,110000,2,2,2,31,2,0,0,0,0,2,1472,2785,5496,7496,9298,3340,1500,3000,2000,2000,0,93665,1
13898,1,80000,1,2,1,54,1,3,2,2,2,0,47339,47270,46037,48457,47722,48678,967,0,3012,0,1569,1396,0
13915,1,50000,2,2,1,30,-1,2,-1,-1,-1,-1,4959,423,3139,2464,6170,0,0,6024,5428,6170,0,0,0
13944,1,30000,2,3,2,50,-1,-1,2,-1,-1,-2,178,1860,940,1110,0,0,1860,0,1110,0,0,0,1
13954,1,370000,2,3,2,27,0,0,0,0,0,0,63412,159542,160885,162368,165591,121614,100000,6000,6000,8000,4500,3000,0
13968,1,180000,2,2,2,34,1,2,0,0,0,0,180373,176063,175324,177197,181041,180044,0,7632,6083,6671,7515,6413,0
13978,1,260000,2,1,2,29,0,0,0,0,0,0,203896,196219,188608,172722,159826,146891,7282,6486,5712,5647,5386,5000,0
13981,1,360000,2,1,2,30,-2,-2,-2,-2,-2,-2,750,1166,398,0,418,1840,1166,398,0,418,1840,0,0
13991,1,100000,2,1,2,47,0,0,-2,-2,-2,-2,22970,0,0,0,0,0,0,0,0,0,0,0,0
14002,1,500000,1,1,1,53,1,1,-1,0,-1,0,7196,-1189,4639,2800,854,10854,0,7439,0,854,10000,13313,0
14016,1,50000,2,2,2,22,0,0,0,-1,0,0,29632,9856,9541,5411,4782,3192,6016,9021,6000,4000,2500,5000,0
14032,1,20000,2,2,1,29,0,0,0,0,0,0,10747,11558,9961,10310,10372,9838,1317,1150,499,361,573,193,0
14037,1,20000,1,2,2,25,-1,3,2,2,-2,-2,11657,11045,2160,0,0,0,0,21,10800,0,0,0,1
14041,1,500000,2,2,2,38,-1,-1,-1,-1,-1,-1,18410,-10,1429,-601,120195,976,0,1439,0,120796,981,4829,0
14054,1,30000,2,2,2,40,-1,-1,-2,-2,-1,-1,944,-764,-1202,-2230,6770,9579,0,0,0,9000,4653,0,0
14076,1,250000,1,2,2,42,0,0,0,0,0,0,212787,218035,223068,228051,233072,237879,9000,9000,9000,9000,9000,9000,0
14095,1,500000,1,1,2,28,2,0,0,0,0,0,216657,174694,165203,136067,16120,93532,8508,4699,623,1590,93469,2554,0
14107,1,300000,2,2,1,49,-1,-1,-1,0,0,0,300,97,6497,5897,6005,0,97,6500,0,408,0,30000,0
14110,1,30000,1,2,2,29,0,0,-1,-1,0,-1,7965,3101,3126,7365,3245,828,1000,3126,7365,0,828,8511,0
14120,1,110000,1,3,2,49,0,0,0,0,0,0,113928,112775,110399,48532,44703,47869,4915,4379,12466,5000,5307,5000,0
14121,1,160000,2,2,1,27,-1,0,0,0,0,0,86772,71275,54769,39137,26971,3426,2805,1487,958,539,1000,390,0
14133,1,220000,2,2,1,33,2,2,0,0,0,0,223904,211137,197721,181231,182649,182644,0,8240,6549,6605,6490,6319,1
14156,1,20000,2,2,2,34,-1,-1,-1,-1,-1,-1,780,0,390,390,390,12190,0,390,390,390,12190,780,0
14165,1,210000,2,1,2,31,0,0,0,0,0,0,140839,119171,119680,118070,111841,111716,4500,6000,5102,5000,5000,4000,0
14169,1,30000,1,2,2,23,0,0,0,0,0,0,27044,28384,29037,29667,29669,29995,2000,1427,1291,1029,1229,549,0
14185,1,130000,1,1,2,28,-1,-1,-1,-1,-2,-2,500,0,35660,-20,-20,-20,0,35660,0,0,0,5350,0
14196,1,170000,1,1,2,30,-2,-2,-2,-2,-2,-2,740,740,740,740,740,740,740,740,740,740,740,740,1
14238,1,500000,1,1,2,41,-1,-1,-1,0,0,-1,326,628,6290,11604,24679,8642,628,6290,6000,14000,8642,326,1
14261,1,300000,1,1,1,44,0,0,0,0,0,0,21507,18505,17036,12863,9597,2304,1379,1008,270,206,329,19769,0
14272,1,360000,1,1,1,36,0,0,0,0,0,0,28291,31055,33788,36491,41179,45823,3000,3000,3000,5000,5000,5000,0
14274,1,200000,1,1,2,42,0,0,0,0,0,2,163340,168701,172074,173907,184067,180612,8000,8000,6500,13500,0,7000,0
14275,1,220000,2,1,2,50,0,0,0,0,-2,-2,216194,222220,225648,-2,-2,-2,11000,10050,2,0,0,0,0
14300,1,170000,1,1,2,32,-1,2,0,0,0,0,69013,67397,69518,70616,79267,84140,0,3800,2800,10000,6129,0,0
14318,1,360000,2,1,2,27,-1,-1,0,0,0,2,1994,5305,4960,5228,6552,3827,5317,1007,2006,2562,13,2989,0
14327,1,290000,2,2,2,34,-1,-1,-1,-1,-1,-1,8690,-204,3268,302,3586,2345,0,3600,800,5228,2345,9139,0
14334,1,50000,2,1,2,27,1,2,2,0,-1,2,2238,3057,1879,889,2399,1225,2000,0,0,2500,0,1300,1
14335,1,150000,1,2,1,40,0,0,0,0,0,0,106396,105332,82191,77262,49851,6666,7041,3000,3116,2500,5000,0,0
14344,1,360000,2,2,1,27,0,0,0,0,0,0,241584,249687,250227,123146,101486,93700,124900,6850,4129,5000,2790,2000,0
14350,1,340000,1,2,1,43,1,-2,-2,-2,-2,-2,-15,-15,-15,-15,-15,-15,0,0,0,0,0,0,1
14367,1,130000,1,3,1,56,-1,-1,-1,0,-1,-1,582,0,582,291,441,441,0,582,0,441,441,291,1
14431,1,30000,2,1,1,37,0,0,0,0,0,0,8301,9156,8983,8141,6422,5187,1191,1079,239,209,206,160,0
14438,1,50000,2,2,1,25,0,0,0,0,0,0,16221,18965,19602,22156,22732,11378,3000,1500,4600,1000,600,258,1
14466,1,20000,1,2,2,38,2,-1,-1,-1,-1,-1,1442,1261,390,390,390,930,1261,390,390,390,930,0,0
14472,1,110000,2,2,2,28,2,2,2,2,2,2,86774,88702,89655,90593,89025,94509,4200,3300,3300,0,7000,2300,1
14496,1,360000,2,3,1,42,-1,-1,-1,-1,-1,-1,9152,6329,21830,5469,9057,312,6361,22236,5682,9147,313,6548,0
14507,1,10000,1,2,1,35,0,0,0,0,0,0,9159,10004,9722,10044,9856,10285,1160,1139,1241,345,580,180,0
14511,1,50000,1,3,1,52,1,2,2,0,0,2,7839,8761,8472,8641,9298,9000,1200,0,310,797,0,333,0
14539,1,100000,1,3,1,35,0,0,0,0,0,0,96521,98728,74239,75704,55704,56810,3938,2515,2516,4022,2032,2112,0
14550,1,200000,2,1,2,31,-1,-1,-1,-1,-1,-1,4138,790,1230,390,390,390,790,1230,390,390,390,390,1
14557,1,180000,1,2,2,29,0,0,0,0,0,0,175773,179866,173007,168743,172275,176861,6059,5653,6488,5138,6313,4754,0
14584,1,60000,2,3,1,43,2,2,-2,-2,-2,-1,4703,0,0,0,0,992,0,0,0,0,992,14000,1
14585,1,20000,1,1,2,25,1,-1,-1,0,0,0,-431,569,1769,2582,3184,3974,1000,1769,1000,800,1000,4000,0
14589,1,280000,1,1,1,50,3,5,4,3,2,0,327918,321476,314931,176439,154010,134334,0,0,500,0,6267,2257,0
14604,1,150000,1,2,2,31,0,0,0,0,0,0,148815,148090,133619,127043,112067,39901,5147,4900,4677,4707,1700,1000,0
14609,1,390000,1,1,1,46,-1,-1,-1,-1,-1,-1,6346,94921,53796,6009,9096,3267,94921,53796,6009,9096,3267,2901,0
14628,1,30000,1,3,2,27,0,0,0,0,-1,-1,18556,20252,22419,22075,29466,28911,2000,3008,5066,29572,1911,1000,0
14683,1,50000,1,1,2,25,0,0,2,2,2,2,44663,48045,47306,49296,47220,49584,4100,400,3000,2,4005,6,0
14703,1,230000,2,2,1,46,-1,-1,-1,0,-1,-1,1443,1443,2886,1443,1443,1443,1443,2886,0,1443,1443,1443,0
14761,1,20000,2,3,1,42,2,0,0,0,2,2,20205,16882,18094,19592,19930,20353,1500,1500,1800,800,900,36,1
14775,1,370000,2,1,2,28,0,0,0,0,0,0,68452,71014,72547,74501,76058,77572,3513,3046,3000,2589,2603,2695,0
14802,1,50000,2,1,1,35,1,-1,-1,0,0,-2,0,354,134,134,0,0,354,134,0,0,0,190,0
14817,1,90000,2,3,2,33,0,0,0,0,0,-1,130765,98506,94475,39368,34884,424,4800,4000,1000,698,424,26979,0
14825,1,20000,1,3,2,26,2,0,0,0,0,0,14081,15835,16985,19985,9421,9764,2000,2000,3000,1000,500,1000,1
14843,1,160000,2,1,1,28,1,3,2,0,0,0,4529,4269,1170,780,780,0,0,0,0,0,0,0,1
14851,1,240000,1,1,1,39,-1,-1,-1,-1,-1,-1,33984,2300,6904,15980,0,9060,3000,7104,15980,0,9060,3935,0
14852,1,100000,2,2,1,40,-2,-2,-2,-2,-2,-2,-14,1452,4091,3011,5955,0,1466,4091,3020,5955,0,2835,0
14870,1,200000,1,1,1,34,-1,-1,-1,-1,-1,-1,780,0,390,3672,390,390,0,390,3672,390,390,390,0
14876,1,180000,2,1,2,28,-2,-2,-2,-2,-2,-2,0,0,0,1430,0,0,0,0,1430,0,0,0,0
14878,1,190000,2,3,1,27,0,0,2,-1,-1,0,43903,53382,21811,2921,107441,108642,10882,0,2921,107441,4000,3700,0
14882,1,50000,1,2,2,34,1,2,2,2,0,0,35548,31713,50319,42805,39207,50155,0,21220,13,1510,15018,21,0
14889,1,450000,2,1,3,37,1,-2,-2,-2,-2,-2,0,0,0,0,0,0,0,0,0,0,0,0,0
14896,1,230000,2,2,1,31,0,0,0,0,0,0,160413,149267,126107,105831,82694,65983,6011,5012,2000,2300,2400,1500,0
14902,1,260000,2,1,1,42,-2,-2,-2,-2,-2,-2,387,616,450,773,268,402,616,450,773,268,402,334,0
14917,1,280000,2,1,1,56,0,0,0,0,0,0,89739,73565,77944,81926,79277,78723,4000,6000,6000,7000,5000,5000,0
14928,1,50000,1,2,2,25,-1,2,2,-2,-2,-2,1170,780,0,0,0,0,0,0,0,0,0,0,1
14934,1,480000,2,2,1,31,0,0,0,0,0,0,20824,21960,20885,19949,23031,27176,5004,5000,795,5000,5000,10000,0
14944,1,30000,1,2,1,53,0,0,0,0,0,0,18112,18456,19004,19030,24541,26305,1329,1267,683,8000,2731,0,0
14955,1,20000,1,2,2,40,1,2,2,2,3,2,15476,16533,15975,17903,17336,16910,1600,0,2500,0,0,2000,0
14962,1,30000,1,3,2,42,0,0,2,0,0,-1,27742,31130,29105,58840,28840,1319,4600,0,1060,1091,1319,565,0
14973,1,150000,2,1,2,28,0,0,-1,4,3,2,8982,0,1187,1182,882,441,0,1187,0,0,0,583,0
14985,1,150000,1,1,1,41,-2,-2,-2,-2,-2,-1,6780,10633,3260,0,0,1081,10638,3260,0,0,1081,0,0
14993,1,260000,1,1,1,51,-1,-1,2,-1,-1,-1,229,674,476,2856,814,605,674,0,2880,814,605,1776,0
14997,1,140000,2,2,2,29,0,0,0,0,0,0,116597,55208,47397,45860,46264,41870,3018,3000,1356,2000,2000,1500,0
15002,1,80000,2,1,2,24,-1,0,0,0,0,0,75356,78236,77700,58025,59527,60778,5000,4176,4000,3000,2141,3000,0
15030,1,110000,1,3,1,43,0,0,0,0,0,0,103225,106004,108831,79455,54971,57257,4500,5000,3043,2000,3000,5000,0
15034,1,180000,1,2,1,36,2,2,2,2,2,2,114140,115764,117426,119000,120528,123451,5000,5000,5000,5000,5000,0,1
15036,1,200000,1,1,1,38,-2,-2,-2,-2,-2,-2,0,0,0,0,0,0,0,0,0,0,0,0,1
15041,1,280000,1,2,1,33,0,0,0,0,0,-1,22331,22341,23359,23647,-1353,93696,1371,1389,1175,0,95049,3308,0
15061,1,20000,1,3,1,38,2,0,0,-1,-1,-1,19868,19805,19900,390,390,0,1515,1000,390,390,0,780,1
15062,1,10000,1,2,2,34,0,0,0,0,0,0,9178,7692,9484,10004,10084,9936,1500,2257,1200,500,500,600,0
15079,1,260000,1,2,1,32,0,0,-1,-1,-1,0,29389,2981,12001,20325,43849,22820,2796,12173,20619,43968,3014,2021,0
15128,1,80000,1,2,2,48,0,0,0,0,0,0,74040,74658,72885,47663,48350,47208,3500,2500,2000,2000,2000,2000,0
15149,1,250000,1,1,1,53,-2,-2,-2,-2,-2,-2,0,0,0,0,0,0,0,0,0,0,0,0,1
15152,1,80000,2,1,2,23,2,2,2,0,0,2,74860,80461,78259,66068,50748,51490,6865,37,2122,3600,1600,18,1
15163,1,300000,2,2,2,26,0,0,0,-1,0,0,29300,18988,6893,49379,49161,50646,1214,2000,49379,1500,2000,15000,0
15179,1,90000,2,2,2,25,0,0,0,0,-1,-1,28276,29305,30336,28800,9852,2160,1505,1536,1000,9852,2160,400,0
15186,1,30000,2,1,2,25,2,2,2,2,2,2,7593,9634,4476,8830,8153,6422,2379,7,7002,13,155,1,0
15193,1,70000,2,3,2,22,0,0,0,0,0,0,53443,49938,39926,18648,5022,5935,3000,2500,2500,1000,1000,500,0
15194,1,110000,2,2,2,24,2,2,2,2,2,2,107378,109604,111661,112299,113035,109678,5500,5300,4000,4000,0,4540,1
15195,1,50000,2,2,1,25,0,0,0,-1,-1,0,16092,12352,-1618,-809,46976,47618,2352,809,928,48659,1400,2000,0
15222,1,150000,2,2,1,32,0,0,0,0,0,-1,17594,14850,15919,10177,7954,8049,1609,2000,1000,0,8049,1000,0
15260,1,50000,2,2,2,35,0,0,0,0,0,0,48848,49988,45434,34688,24124,21072,2000,2000,1900,1032,3000,907,0
15267,1,330000,2,2,1,37,-1,-1,-1,-1,0,0,2202,2900,2335,7278,6646,5324,2911,2579,7278,6,26,2089,0
15275,1,170000,2,3,2,29,0,0,0,0,0,0,116048,117485,119050,120225,122345,124302,4200,4300,4400,4518,4500,5000,1
15284,1,290000,2,1,1,34,-1,-1,-1,-1,-1,-1,3412,1573,11859,2483,1170,20328,1573,11886,2485,1170,20328,375,0
15286,1,230000,2,1,1,39,-2,-2,-2,-2,-2,-2,970,1475,1636,1149,334,459,1483,1640,1152,335,460,553,0
15287,1,290000,2,2,2,26,0,0,0,0,0,0,81022,59327,102180,58554,59358,45266,2121,48345,1689,1516,1240,1211,0
15311,1,230000,2,2,2,31,1,2,0,0,0,2,19451,13716,14718,13524,15529,12936,1017,5028,5003,3012,3,3898,0
15317,1,420000,2,1,1,45,2,0,0,0,0,0,412289,414634,409078,412057,402926,373095,16272,17029,15514,15056,13707,14128,1
15329,1,20000,2,1,1,37,0,0,0,0,0,0,19921,18100,19146,20098,20191,18216,1594,1640,1592,685,662,827,0
15330,1,390000,2,1,2,33,-2,-2,-2,-2,-2,-2,2703,1017,0,0,1560,4386,1017,0,0,1560,4386,12000,0
15356,1,380000,2,1,1,35,-1,-1,-1,-1,-1,-1,472,14985,10472,39993,25356,39772,14985,10472,39993,25356,39772,54002,0
15357,1,440000,2,2,1,33,0,0,0,2,0,0,411970,420142,443407,431200,440000,-6948,15003,30000,0,9000,788,0,0
15374,1,280000,2,2,1,32,0,0,0,0,0,0,11561,12662,13752,14815,15168,15523,1300,1300,1300,600,600,600,0
15382,1,200000,2,1,2,30,0,0,0,0,0,0,59891,60537,61592,59786,58172,59175,3000,2800,3000,2100,2070,1800,0
15383,1,600000,2,2,1,38,1,2,0,0,0,0,485861,462675,464983,416550,416545,420232,33,15287,14069,15013,15003,15000,0
15388,1,30000,2,6,1,45,0,0,0,0,0,0,26958,26716,26679,22972,20152,11688,4000,5022,1232,820,286,237,0
15407,1,50000,2,3,1,53,2,2,2,2,0,0,41174,42196,43327,42335,43326,46256,2000,2100,0,2000,3800,5783,0
15413,1,420000,2,1,1,45,1,-1,-1,-1,-1,0,0,23621,29042,35000,292962,247622,23621,29052,35000,292962,0,606,0
15418,1,240000,2,2,1,56,2,0,0,0,0,0,133954,138785,141894,143270,201082,215709,8500,6500,5000,60000,17464,6516,0
15419,1,240000,2,2,2,51,-2,-2,-2,-2,-2,-2,489,4006,696,696,696,696,4006,696,696,696,696,1542,0
15429,1,50000,1,2,2,23,0,0,0,0,0,0,42284,31512,26097,27148,54991,28480,1800,1600,1500,1000,2400,1500,0
15435,1,50000,1,2,2,25,0,0,-1,-1,0,0,48517,37071,5181,8548,50678,48220,5204,5196,8557,48011,2040,2121,0
15453,1,120000,1,1,2,27,0,0,2,0,0,0,75896,77931,79384,81367,82321,84336,3900,3300,3900,3200,3500,3500,0
15464,1,490000,1,1,2,35,0,0,0,0,0,0,156021,155635,156094,159376,158235,163963,8030,9071,18944,10000,8030,6059,0
15468,1,290000,1,2,1,38,0,0,0,0,0,0,116625,118801,99370,84836,82168,80299,5000,3530,3019,2818,3000,3199,0
15475,1,230000,1,2,1,45,0,0,0,0,0,0,41414,42420,44234,45684,46653,47779,2000,2500,2500,2000,2000,2000,0
15480,1,360000,1,3,1,32,-2,-2,-2,-2,-2,-2,33597,-1,-1,-1,-1,-1,0,0,0,0,0,0,0
15483,1,20000,1,3,1,39,0,0,-1,0,0,0,19831,1391,19037,19939,15110,0,1300,20398,1300,694,0,0,0
15504,1,210000,1,3,1,47,-2,-2,-2,-2,-2,-2,6460,3623,10325,8751,11920,8967,3623,10362,8751,11920,8967,7416,1
15521,1,180000,1,2,2,32,0,0,0,0,-1,0,45469,39368,9652,10775,1943,13243,5000,2000,3000,1943,13000,170000,0
15545,1,20000,1,1,1,32,2,0,0,0,0,2,12720,13451,14786,15532,16767,17104,1250,1554,1300,1500,750,0,1
15565,1,180000,1,1,2,33,0,0,0,2,0,0,3060,1854,3238,2106,1510,1746,1000,2500,0,1000,500,930,0
15570,1,300000,1,1,1,39,-1,-1,-1,-1,-1,-1,20938,21064,26041,18158,18147,45199,21169,26171,18249,18238,45301,120,0
15601,1,160000,1,2,1,59,-1,-1,-1,-1,-1,-1,1443,1443,1443,1443,1443,1443,1443,1443,1443,1443,1443,1443,0
15621,1,180000,2,2,1,40,0,0,0,0,-2,-2,22523,20831,1537,-43,-43,-43,2045,1000,0,0,0,0,0
15626,1,50000,2,2,1,30,0,0,0,0,-1,-1,86750,42968,43444,40616,2008,-1500,4000,4013,5000,5000,5000,5000,0
15638,1,80000,2,2,2,26,0,0,-1,-1,-2,-2,24986,23000,1000,0,0,0,2000,1000,0,0,0,0,0
15658,1,220000,2,1,1,37,-2,-2,-2,-2,-2,-2,14298,100606,11202,21683,10860,12534,101405,11202,21778,10860,12534,7923,0
15683,1,250000,1,2,2,28,-2,-2,-2,-2,-2,-2,22303,51749,186394,9458,6620,10040,51762,186398,9467,6620,10040,8960,0
15690,1,30000,1,2,2,22,0,0,0,0,0,0,4921,3810,3890,2199,2209,1429,1500,2000,2000,400,0,500,1
15723,1,250000,1,2,1,44,0,0,0,0,0,0,254933,244433,249882,248013,99071,98928,8754,10866,5592,2212,2565,2156,0
15725,1,140000,1,2,2,38,0,0,0,2,0,0,137611,135905,142477,140617,139353,140953,6010,12500,4009,5000,6000,5300,0
15729,1,50000,2,1,2,21,0,0,0,0,0,0,36809,33121,29672,22365,12702,4134,5143,5000,1021,0,3000,0,0
15735,1,20000,2,2,1,38,0,0,0,0,0,0,19520,16247,6687,5165,5060,2180,1623,1262,1101,2180,0,0,0
15739,1,140000,2,2,2,27,0,0,0,0,0,0,134936,137328,138767,137231,128228,110803,6700,6704,5000,4155,4100,3600,0
15765,1,70000,2,3,2,24,0,0,0,0,0,0,5633,6646,7665,8836,9532,9730,1114,1133,1304,1000,351,2523,0
15767,1,10000,2,1,2,22,1,3,3,2,0,0,6251,6498,6744,6977,6593,7481,500,500,500,242,1000,273,0
15776,1,50000,2,2,1,24,0,0,0,-2,-2,-2,25207,25435,0,0,0,0,1000,0,0,0,0,0,0
15777,1,70000,2,2,2,24,0,0,0,0,-2,-1,64927,58840,42859,0,0,2254,2177,5000,0,0,2254,24738,0
15803,1,100000,2,2,2,24,2,0,0,0,0,0,177646,94299,96389,97571,86202,92282,7900,4500,3800,3500,7500,3500,0
15811,1,10000,2,1,2,27,2,0,0,2,0,0,6100,7274,9596,9289,9593,9795,1281,2603,0,1000,500,421,1
15823,1,20000,2,3,1,26,0,0,0,2,0,0,15271,16707,20601,19952,19586,18528,2000,4500,0,671,700,2000,1
15831,1,120000,2,2,2,27,0,0,0,0,0,-1,57449,38254,23017,14440,4770,1595,1743,1640,1010,95,1595,0,0
15867,1,240000,2,1,2,29,-1,2,2,-2,-2,-2,3126,3126,626,626,776,783,626,626,626,776,783,1252,0
15878,1,350000,2,3,2,28,-2,-2,-2,-2,-2,-2,0,0,0,0,0,0,0,0,0,0,0,0,1
15882,1,50000,2,1,2,25,0,0,0,0,0,0,3624,4487,4545,6249,6249,6249,1100,1600,2000,0,0,0,0
15885,1,70000,2,2,2,25,0,0,0,0,0,0,32486,33640,35286,36889,34152,36694,2000,2500,2519,5090,3100,0,0
15886,1,10000,2,2,1,31,3,2,0,0,0,0,10243,9920,8894,8136,8449,8493,0,1281,1135,448,329,287,0
15892,1,80000,2,2,2,24,0,0,0,0,0,0,68250,68817,71181,68997,70364,71842,3000,3500,3000,2503,2596,3000,0
15924,1,410000,2,1,1,37,0,0,0,0,0,-1,54326,23223,25865,21619,19336,1433,5000,15014,5034,10006,1433,371,0
15948,1,30000,2,2,1,30,3,2,2,7,7,7,2400,2400,2400,2400,2400,2400,0,0,0,0,0,0,1
15958,1,200000,2,3,1,29,2,2,2,2,0,0,128649,131059,132120,128669,131499,143020,6000,4600,0,4800,13700,500,1
15959,1,150000,2,2,2,27,-1,-1,-1,-1,-1,0,1745,3384,1555,2126,60092,59831,3384,1555,2126,60092,3000,3000,0
15970,1,20000,2,3,1,49,1,2,3,2,0,0,18769,21349,20732,19946,19546,19546,3186,0,0,0,0,0,1
15975,1,50000,2,2,1,35,0,0,0,0,0,0,16053,16024,25350,25738,25948,26163,2000,10000,1500,1000,1000,1500,0
15995,1,220000,2,1,1,36,0,0,0,0,0,0,215979,210475,216513,196219,200117,204312,7800,9639,7123,7162,7419,7462,0
16005,1,180000,2,2,1,29,0,0,0,0,0,0,25781,26000,26310,26662,26166,26176,1800,1800,1500,1056,950,1000,0
16010,1,140000,2,2,1,30,0,0,0,0,0,2,106526,85019,82784,81458,86227,84646,4000,3000,4000,7000,0,4000,0
16011,1,100000,2,2,1,32,0,0,0,0,0,0,29987,29219,27865,11166,32261,7961,2007,2049,1045,23610,4000,1000,0
16036,1,170000,2,3,1,37,1,2,0,0,0,0,33039,30336,30826,31996,33676,25301,3,2008,5000,2037,2029,2008,0
16042,1,50000,2,3,1,45,0,0,0,0,0,0,22352,23244,20791,22104,22237,22703,1324,1351,1664,797,825,1030,0
16054,1,160000,2,3,1,46,-1,-1,-1,0,-1,-1,24904,2338,4856,4127,3995,842,2343,4856,1000,3995,842,26313,0
16083,1,50000,2,2,2,28,2,2,0,0,0,-2,16639,16041,12151,4963,0,0,14,1505,2000,0,0,0,0
16102,1,570000,2,1,2,32,0,0,0,0,0,0,47758,33050,36283,36502,37669,39102,3000,4880,3000,3000,3000,3000,0
16104,1,10000,2,2,1,37,-1,4,3,2,2,2,3305,2870,2440,2510,2641,2222,0,0,500,400,0,36,0
16108,1,280000,2,2,1,42,2,0,0,0,0,0,185147,132646,137109,135264,133046,126155,5000,10000,5000,5000,5000,5000,1
16148,1,140000,2,3,1,34,0,0,0,0,0,0,131138,133452,136194,137490,106322,104583,6300,7000,5421,4000,4000,4200,0
16165,1,50000,2,3,2,47,0,0,0,0,0,0,11961,14259,16028,17760,19462,22141,2500,2000,2000,2000,3000,3000,0
16181,1,400000,2,1,2,31,-1,-1,-1,-1,0,0,72551,8572,2190,12881,7497,11563,8657,2190,12881,0,4590,0,0
16211,1,20000,2,2,1,46,0,0,0,0,0,0,10640,11252,12277,12287,12140,11990,1185,1600,1000,243,240,619,0
16214,1,210000,2,2,1,33,0,0,0,-2,-2,-1,29672,31050,0,0,0,87045,2100,0,0,0,87045,4000,0
16223,1,80000,2,3,1,43,2,2,2,3,3,2,66852,68152,71459,73690,71908,76294,3000,5000,4000,0,5700,0,1
16228,1,30000,2,3,1,43,1,2,0,0,0,0,32577,29268,26897,23352,18738,15236,0,1468,1564,591,489,388,0
16234,1,200000,2,1,2,34,0,0,0,0,0,0,129554,116490,119279,121782,125427,140460,5600,6000,4300,5500,17000,5300,0
16236,1,70000,2,2,1,41,2,3,3,3,3,2,50460,52331,53896,54426,52956,54459,3000,3000,2000,0,2500,2200,1
16240,1,200000,2,3,1,37,-1,-1,-1,0,0,-1,10701,4251,5144,6807,51013,54416,4251,5144,2000,44406,54725,3000,0
16250,1,310000,2,1,1,37,-2,-2,-2,-2,-2,-2,123,123,0,123,0,0,123,0,123,0,0,0,0
16253,1,200000,2,2,1,45,0,0,0,0,0,0,144249,144423,139978,126213,93788,94875,6097,8039,5112,5000,5008,4019,0
16258,1,190000,2,1,1,30,0,0,2,0,0,0,176699,188703,184403,90887,90097,90295,15000,3000,4100,3200,3264,3248,1
16265,1,70000,2,2,1,40,1,2,2,0,0,0,56922,60047,56884,57717,26342,26342,5500,0,2723,1062,936,943,1
16270,1,340000,2,2,2,47,0,0,0,0,0,0,196112,183453,167592,162628,142779,139548,6446,6207,5758,4853,4940,4600,0
16285,1,80000,2,2,2,34,2,2,3,2,0,0,74860,84054,82194,78715,26681,0,11074,3,5,1075,0,0,0
16299,1,30000,2,2,2,42,0,0,0,-1,-1,-2,26504,28056,27987,1812,0,0,2000,2000,2000,0,0,0,0
16333,1,110000,2,2,1,35,0,0,0,0,0,2,85958,83389,83734,82532,81032,79835,2968,4088,3677,5400,0,3618,0
16337,1,60000,2,2,1,35,0,0,0,0,0,0,57267,57225,47343,29164,27829,27574,3023,2245,2005,2000,1088,3000,0
16341,1,170000,2,3,1,38,0,0,0,-1,0,0,4202,5146,6494,1264,948,632,1336,2000,1264,0,0,0,0
16358,1,30000,2,2,2,34,1,2,2,0,0,0,16935,17855,17280,18594,18806,19045,1500,0,1606,818,690,695,0
16361,1,240000,2,1,2,33,-2,-2,-2,-2,-2,-2,0,0,0,0,0,0,0,0,0,0,0,0,0
16365,1,230000,2,2,1,34,-1,-1,-1,-1,0,-1,3128,10998,1509,1390,1072,849,10998,1509,1390,0,849,3720,0
16367,1,140000,2,1,1,45,-1,-1,-1,-1,0,0,2300,483,487,1011,524,1037,483,487,1011,0,1000,974,0
16386,1,230000,2,2,1,42,-2,-2,-2,-2,-2,-2,390,390,390,390,1240,4234,390,390,390,1240,4234,2970,0
16390,1,90000,2,2,2,29,1,2,2,2,0,0,34954,34093,37539,36641,37061,38011,0,4000,0,1326,1547,3000,0
16399,1,140000,2,3,2,34,-1,-1,-1,-1,-1,-1,316,0,2549,151,0,574,0,2549,151,0,574,918,0
16449,1,50000,2,2,1,53,0,0,0,0,0,0,36997,36927,34929,31874,28993,29409,1607,2010,1505,1001,2007,2007,1
16480,1,20000,2,3,1,56,1,2,0,0,2,2,11276,10803,11528,13524,13508,13149,0,1204,2200,500,0,700,1
16483,1,50000,2,3,2,56,1,-2,-2,-2,-1,-1,0,0,0,0,562,736,0,0,0,562,736,1269,1
16495,1,60000,2,3,1,54,-1,-1,-1,0,0,0,892,21674,31632,13264,948,18002,21690,32264,12948,0,17370,0,0
16517,1,150000,1,2,2,27,0,0,0,0,0,0,84034,81537,78407,73688,56995,52887,5065,20028,3152,2025,5211,10061,0
16523,1,20000,1,2,2,23,1,2,0,0,0,0,17845,17261,18976,19804,19204,18210,0,2000,1600,0,1150,2000,0
16538,1,200000,1,1,2,28,-1,-1,-1,-1,-1,-1,2393,1726,1602,1040,3564,2031,1731,1606,1051,3574,2036,1703,0
16580,1,20000,1,1,2,29,0,0,0,0,0,0,15934,15028,16023,11631,12377,4830,1329,1324,1000,2000,1000,0,0
16585,1,30000,1,2,2,26,0,0,0,0,0,0,24079,25848,22299,23615,23933,24901,2500,2000,2000,1000,1500,1500,1
16614,1,80000,1,3,1,31,0,0,0,0,0,0,65088,65200,61969,40457,42875,44724,3000,4000,3000,3000,4000,3000,0
16619,1,240000,1,1,2,41,0,0,0,0,0,0,24171,26474,28480,30247,30122,27437,3759,3500,3000,982,3437,2044,0
16621,1,50000,1,2,2,39,3,2,0,0,0,0,51998,50821,46892,33936,9225,9264,0,2343,1548,476,336,348,0
16650,1,50000,1,3,1,46,1,2,2,2,2,2,10960,10487,13108,12601,13391,14027,0,2800,0,1000,1000,0,1
16666,1,200000,1,2,1,45,-1,0,-1,-1,0,-1,98974,36829,31707,44433,4155,2114,10000,31727,44626,18,2124,9844,0
16673,1,100000,1,1,2,34,-1,2,2,-1,-1,-2,772,772,-8,2562,0,0,0,8,2570,0,0,0,0
16674,1,100000,1,2,2,38,0,0,0,0,0,0,95933,96772,97240,98159,97481,97574,4499,4578,4606,3817,3998,3695,0
16677,1,50000,1,1,2,37,0,0,0,0,0,0,13191,14659,17097,18207,20580,22577,2000,3000,1700,3000,2500,5000,0
16678,1,50000,1,2,1,32,0,0,0,0,0,0,42163,38252,27396,23584,17272,17634,1472,1500,1282,618,640,644,0
16690,1,260000,1,2,1,46,2,2,2,2,2,2,82683,84424,86472,87157,88526,90355,4000,4300,3000,3700,3400,3600,1
16697,1,50000,1,3,3,44,2,2,2,3,2,2,41755,40793,44084,44763,44939,46078,0,3949,1700,1200,2000,2000,0
16713,1,20000,1,3,2,35,0,0,0,0,0,0,16500,17012,18181,19331,19113,17996,1281,1450,1600,382,383,345,0
16717,1,430000,1,2,2,29,-2,-2,-2,-2,-2,-2,1442,3058,0,980,0,0,3058,0,980,0,0,1030,0
16725,1,480000,1,2,1,31,0,0,0,0,0,0,55346,58411,58883,59452,61168,56931,4000,3000,3000,3000,3000,3000,0
16727,1,60000,1,3,1,31,1,2,0,0,-2,-2,36243,35369,35320,0,0,0,0,1027,0,0,0,0,0
16728,1,80000,1,2,2,33,2,2,0,0,0,0,24928,24229,25832,27394,29922,31879,0,2000,2000,3000,2600,0,1
16739,1,320000,1,1,2,33,1,-2,-2,-2,-2,-2,0,0,0,0,0,0,0,0,0,0,0,0,1
16762,1,50000,1,2,1,45,0,0,0,0,0,0,49573,49417,49085,33156,19344,18930,2245,1652,1497,10580,685,704,0
16766,1,30000,1,2,2,37,0,0,0,0,0,0,23422,24425,25463,26453,26987,28760,1397,1435,1425,959,2201,1200,0
16773,1,10000,1,3,1,39,1,2,0,0,0,0,10866,10094,9212,9633,9550,9334,0,1201,1062,254,288,365,1
16813,1,100000,1,2,1,40,2,2,2,2,2,0,70762,69025,74489,78660,76797,78404,0,6600,6000,0,3000,3100,1
16830,1,470000,1,1,1,38,0,0,0,0,0,0,33277,34292,38423,197773,202722,46980,1869,5000,162546,5783,1689,1977,1
16844,1,20000,1,2,2,43,0,0,0,0,0,0,19656,30177,16263,17287,17699,18413,1300,2600,1300,700,1000,700,0
16846,1,50000,1,2,1,40,1,2,0,0,0,0,49039,47949,49235,49577,17063,17634,0,2058,1400,762,1000,650,1
16855,1,270000,1,1,2,35,1,-2,-2,-2,-2,-2,-12,-12,-12,-12,-12,-12,0,0,0,0,0,0,0
16856,1,20000,1,2,1,37,0,0,0,0,0,0,15429,16436,17584,18166,8190,8190,1270,1418,1000,3144,0,0,0
16860,1,360000,1,1,2,33,-2,-2,-2,-2,-2,-2,714,-68,-68,-68,4132,-2,7,0,0,4200,48,5500,0
16861,1,150000,1,3,1,40,0,0,0,0,0,0,121544,123615,126733,130241,132466,134808,5000,4533,5000,3724,3829,3900,0
16862,1,500000,1,1,1,46,0,0,0,0,0,0,11471,13270,14245,15199,20980,18255,2000,1500,1219,6000,1000,1000,0
16863,1,220000,1,1,1,35,-1,-1,-1,-1,0,-1,753,6213,762,5106,700,1364,6220,762,5806,0,1364,500,1
16865,1,30000,1,1,2,38,1,2,0,0,0,0,96258,69707,71904,62630,57406,46231,0,4000,5000,8000,1460,40000,0
16870,1,20000,1,2,2,36,1,4,3,3,2,3,15557,15015,16079,15528,16477,15930,0,1600,0,1500,0,0,1
16872,1,30000,1,3,2,31,1,3,2,0,0,0,31405,30588,26860,21165,21281,22938,0,0,1646,762,2000,0,1
16881,1,50000,1,2,1,39,1,2,2,3,2,0,26094,25376,29548,28786,28024,28772,0,4600,0,0,1200,1200,0
16894,1,200000,1,1,1,42,-2,-2,-2,-2,-2,-2,-200,-200,-200,-200,2472,0,0,0,0,2672,0,1862,0
16907,1,80000,1,1,1,33,0,0,0,0,0,0,45524,62969,36217,36386,41596,27635,2000,10000,2000,6500,8000,5000,0
16922,1,200000,1,2,1,55,0,0,0,0,0,0,169287,172655,178858,180101,173138,176920,6177,8982,6758,6257,6633,6115,0
16932,1,50000,1,3,1,55,-1,-1,-1,-1,-1,-1,390,390,390,390,390,390,390,390,390,390,390,390,0
16958,1,480000,1,2,2,51,-2,-2,-2,-2,-2,-2,2900,17646,0,15620,5200,1355,17646,0,15620,5200,1355,2750,0
16964,1,110000,1,2,1,54,2,2,2,2,2,2,55753,56839,58039,58792,59620,60819,2600,2700,2300,2400,2300,2400,1
16966,1,140000,1,1,1,56,-1,-1,-1,-1,-1,-1,1862,7465,1744,1700,1700,4584,7465,1744,1700,1700,4584,1550,0
16968,1,130000,1,2,2,57,-1,2,2,2,0,-1,4820,3186,7924,6210,2560,7380,0,6210,0,0,7380,11720,0
16979,1,100000,2,1,1,30,1,-1,-1,-1,-2,-1,0,851,1585,-1,-1,2994,851,1589,0,0,2995,0,1
16986,1,240000,2,1,2,28,0,0,0,0,0,0,233441,236496,242446,207633,197644,193724,9000,10307,9014,6029,6014,6034,0
17000,1,30000,2,2,2,21,0,0,0,0,0,0,28028,25278,23485,27339,25091,0,2019,2511,10000,502,0,0,0
17020,1,10000,2,1,2,22,0,0,2,0,0,0,6967,9199,8908,9676,9680,8343,2523,0,1000,4,167,3535,1
17043,1,300000,2,2,2,24,0,0,0,-1,-1,-1,26158,25673,14290,7490,2962,0,5673,7000,7490,2962,0,0,0
17046,1,20000,2,1,2,25,-1,-1,-1,-1,0,0,4541,0,724,18589,18985,19531,0,724,18589,1000,1000,1000,1
17049,1,60000,2,2,1,24,2,3,2,2,2,0,34708,33866,33041,35284,31602,32221,0,0,2900,0,1200,1409,1
17051,1,30000,2,2,2,22,2,2,0,0,0,2,31331,24544,28267,30470,29284,25762,0,5600,3005,1200,0,5000,1
17057,1,30000,2,2,1,22,0,0,0,0,0,0,14533,16534,17213,17723,17431,17882,3002,2002,1553,1002,2002,1000,0
17068,1,250000,2,2,2,25,-1,-1,-1,-1,-1,-1,5211,5211,6282,4140,5211,5211,5211,6282,4140,5211,5211,5211,0
17069,1,130000,2,2,1,25,0,0,0,0,0,0,127125,78165,79306,80974,83635,87287,4000,3000,3000,5000,5000,5000,0
17074,1,230000,2,2,2,24,-2,-2,-2,-2,-2,-2,0,0,0,0,0,0,0,0,0,0,0,0,0
17113,1,130000,2,2,1,26,0,0,0,0,-2,-2,2783,131860,130000,0,0,0,130000,3000,0,0,0,0,0
17114,1,70000,2,2,1,25,0,0,0,0,0,0,70940,70639,71230,68655,41679,29887,2533,3098,2811,1281,1069,1103,0
17133,1,80000,2,1,2,24,0,0,2,0,0,0,39813,46375,43576,28468,25971,23686,9425,1,2012,1091,1006,2516,1
17141,1,50000,2,2,2,25,2,2,2,2,2,2,33586,34636,35683,36200,36808,37671,1900,1900,1400,1500,1600,1500,1
17170,1,50000,2,3,2,26,0,0,0,0,0,0,35988,26708,25230,26999,27748,28351,1700,2000,3000,1500,1200,1136,0
17194,1,110000,2,1,2,29,-1,-1,-1,-1,-1,-1,316,31895,316,316,316,31775,31895,316,316,316,31775,1152,1
17196,1,160000,2,2,2,29,0,0,0,-1,-1,0,21898,23075,24010,400,16903,17248,5004,8004,400,16903,345,352,0
17204,1,50000,2,2,2,29,2,2,2,2,2,0,43629,46376,45354,49086,48027,49037,3790,0,4500,0,1751,1736,1
17213,1,50000,2,2,1,30,0,0,0,2,0,-1,31079,30036,6845,4364,2185,2162,2280,2300,0,44,2200,3000,0
17229,1,240000,2,2,2,30,0,0,0,0,0,0,89009,71169,67528,64238,65521,65829,3071,2390,2311,2330,2392,2504,0
17238,1,170000,2,3,1,40,0,0,0,0,0,0,69602,61493,58298,60343,61176,62092,2128,2729,4000,2169,2241,2258,0
17254,1,60000,2,2,1,27,0,0,0,0,0,-1,40831,34613,28178,23199,572,27425,1617,1616,1008,1036,28848,1100,0
17277,1,400000,2,1,1,33,-2,-2,-2,-2,-2,-2,-4,1054,1420,-20,-20,-20,1058,1427,0,0,0,0,0
17288,1,150000,2,2,1,38,-2,-2,-2,-2,-2,-2,6829,6460,17154,2729,32550,8509,6719,27654,2729,32550,11467,6943,0
17294,1,50000,2,2,1,44,0,0,0,0,-2,-2,13226,14470,15000,0,0,0,1470,1000,0,0,0,0,0
17315,1,40000,2,3,1,30,1,2,0,0,0,0,40672,39724,39475,39078,38339,38665,9,2143,1606,1500,1410,1507,0
17335,1,500000,2,1,1,37,1,-1,-1,-1,-1,0,0,2529,2971,184,64356,33348,2529,2971,200,38144,0,8479,0
17336,1,500000,2,3,1,36,-2,-2,-2,-2,-2,-2,27866,1062,27610,18133,2506,169233,1062,27648,25012,2506,169233,11952,0
17356,1,50000,2,3,1,48,0,0,0,0,0,0,41842,42422,43050,43650,45217,46044,1984,2019,2026,3000,2000,1500,1
17362,1,100000,2,2,1,42,1,2,2,-2,-2,-2,3256,3020,0,0,0,0,0,0,0,0,0,0,0
17387,1,20000,2,2,2,48,1,3,2,2,2,2,17100,16537,16283,17708,18121,17692,0,300,2000,1000,0,792,1
17388,1,140000,2,2,1,40,0,0,0,0,0,0,102502,101164,99579,99004,88485,85218,5000,5000,5000,3000,3000,4000,0
17420,1,250000,2,2,1,31,0,0,0,0,0,0,142905,113367,93844,74441,74553,64640,4000,4100,3010,2205,2045,2200,0
17423,1,390000,2,1,1,33,0,-1,0,0,0,0,5602,48329,45281,31219,24962,17002,48329,2287,1500,4962,815,10000,0
17427,1,30000,2,2,2,39,0,0,0,2,0,0,28144,27470,30698,28981,27673,27826,2000,4000,0,1000,1000,0,0
17436,1,380000,2,1,1,44,0,0,0,0,0,0,365023,365445,350474,342569,307959,309709,14320,15065,13017,15026,12017,12031,0
17437,1,50000,2,1,2,39,0,0,0,0,0,0,47381,48697,48322,45353,19426,19857,2116,2320,1300,1000,700,600,0
17439,1,50000,2,1,1,30,0,0,0,0,0,0,46791,42675,34256,30723,19766,20449,1593,1855,1341,706,1000,5454,0
17440,1,150000,2,1,1,31,0,0,0,0,0,0,138121,145763,134887,105822,86341,88072,10001,6712,5500,3400,3201,3403,0
17444,1,30000,2,2,1,38,0,0,0,0,0,2,19707,21022,22080,22810,25772,26360,1650,1700,1400,3355,1146,0,0
17447,1,30000,2,2,1,43,2,2,2,2,2,2,28264,28703,26622,24022,24368,20859,2000,1300,2,1608,0,900,1
17450,1,100000,2,2,2,43,0,0,0,2,2,0,51146,54716,58766,58950,56889,60255,5000,5500,2300,0,5000,5000,0
17519,1,220000,2,1,1,33,0,0,0,0,0,0,204205,210183,212877,189161,180715,171449,20000,10000,8140,8000,7000,10000,0
17534,1,50000,2,2,1,43,0,0,2,2,0,0,17102,19805,21188,20550,21209,21713,3000,2000,0,1000,1000,1000,1
17593,1,110000,2,1,1,35,0,0,0,0,0,0,107905,101573,104079,104829,107400,105694,4000,5300,4000,4200,4000,3800,0
17635,1,80000,2,2,2,30,2,2,2,2,4,4,56761,58920,60385,64876,65245,63647,3700,3000,6100,2000,0,2000,1
17636,1,220000,2,2,1,31,0,0,0,0,0,0,79226,78693,78297,78980,77817,77569,3900,3500,4000,2700,3000,10000,0
17639,1,260000,2,1,2,30,1,2,0,0,0,0,96549,94114,96689,101023,93738,96218,0,5000,6000,5000,4000,8000,0
17642,1,140000,2,2,1,35,0,0,0,0,0,0,127794,120770,116399,112055,107364,107762,4317,4189,5411,3800,4024,4100,0
17650,1,130000,2,2,1,47,2,2,2,2,2,2,123896,120452,129137,129956,130946,130814,0,12200,4500,4502,5000,0,1
17653,1,240000,2,2,2,43,0,0,-1,-1,-1,-1,225159,216829,27620,24873,24511,24000,20000,27662,24873,24511,24000,37645,0
17662,1,290000,2,2,1,49,-2,-2,-1,2,0,0,-236,-236,11764,11186,6863,6179,0,12000,0,0,0,0,0
17663,1,500000,2,3,2,46,-1,0,-1,-1,0,0,24239,36674,1558,310852,301854,133761,15000,1558,310852,10000,5000,5000,0
17664,1,80000,2,2,1,40,1,2,0,0,2,0,63340,53262,39422,33954,29070,27785,6,2006,4000,0,1118,3000,0
17670,1,500000,2,2,1,44,0,0,0,0,0,0,193136,186610,180153,173454,166546,159651,6610,6480,6230,5900,5720,5420,0
17708,1,90000,2,1,2,33,0,0,2,0,0,0,92725,94908,89711,91165,72263,72569,8500,0,4086,2600,3000,3000,0
17719,1,220000,2,1,1,51,-1,-1,-1,2,2,-2,2262,2255,8105,2224,150,1000,2276,8117,0,150,1000,2619,1
17732,1,90000,2,3,1,58,-2,-2,-2,-2,-2,-2,5563,0,0,0,0,0,0,0,0,0,0,5156,0
17742,1,200000,2,3,2,63,-1,3,2,-1,-1,-1,632,632,316,316,316,316,0,0,316,316,316,316,1
17746,1,340000,2,1,1,56,-1,-1,-1,-1,0,0,5610,5399,12347,8612,5479,0,5399,12353,8619,0,0,0,1
17748,1,30000,2,3,1,54,2,2,2,2,4,3,22147,24770,26068,28842,28094,27361,3000,2000,3500,0,0,1000,0
17765,1,50000,2,3,1,52,0,0,0,0,0,-1,5976,6405,6828,6229,390,390,2000,2000,1004,10,390,390,0
17779,1,60000,2,2,1,59,4,4,4,5,4,3,54506,56998,59111,59595,58079,56892,4000,3601,2000,0,0,0,0
17780,1,80000,2,2,1,61,0,0,0,0,0,0,74156,73878,64656,60537,42610,42769,3000,2506,3008,3000,2000,3000,0
17783,1,60000,2,3,3,64,0,0,-1,-1,0,0,15463,14046,218,12716,10686,10400,1410,218,12723,483,600,9132,0
17795,1,500000,2,1,2,51,1,-2,-2,-2,-2,-2,0,0,0,0,0,0,0,0,0,0,0,0,0
17805,1,170000,1,2,2,27,0,0,0,0,0,0,169106,141998,134212,133450,127020,123490,5000,5508,5915,3000,4000,4000,0
17814,1,50000,1,2,2,24,0,0,0,0,0,0,49989,48512,43701,40429,9727,9606,1800,2000,1118,1000,500,1000,0
17816,1,30000,1,2,2,23,0,0,0,0,0,0,30620,30432,30263,29418,30275,0,2000,2500,1200,1000,0,0,0
17823,1,100000,1,1,2,24,-1,0,0,0,0,0,33921,34920,36030,37173,35875,36263,1563,1673,1816,1213,1248,1212,0
17826,1,50000,1,2,2,25,-2,-2,-2,-2,-2,-2,-1587,-5174,-2587,-2587,-2587,-2587,0,0,0,0,0,0,1
17828,1,50000,1,5,2,23,0,0,0,0,0,0,42407,13244,48845,43129,28385,23876,7275,47166,12064,12176,780,6200,0
17835,1,180000,1,2,2,25,0,0,0,0,0,0,12891,14275,15737,16603,17395,17182,1600,2000,1500,1003,1003,1006,0
17845,1,20000,1,3,2,26,3,3,2,0,0,0,21667,21081,19661,26158,13560,15324,0,25,2000,1000,2000,1000,1
17849,1,80000,1,2,2,27,0,0,0,0,0,2,48329,45920,47186,46882,49170,48269,5004,5013,5000,4000,0,2002,0
17866,1,50000,1,2,2,28,1,-1,0,0,0,0,-727,50268,50860,40580,44532,46442,53860,3000,5000,5000,3000,1784,0
17869,1,100000,1,2,2,28,0,0,0,0,0,0,9125,10664,12183,13670,15129,15732,2000,2000,2000,2000,1000,2000,1
17874,1,130000,1,1,2,29,0,0,-2,-2,-2,-2,120000,0,0,0,0,0,0,0,0,0,0,0,0
17879,1,50000,1,2,2,28,0,0,0,2,0,0,8608,10300,12711,12210,12508,13306,2000,2900,0,500,1000,1000,0
17892,1,100000,1,2,2,29,2,0,0,0,0,2,43531,45103,45779,46912,49715,48791,2600,2200,2200,3900,0,6100,1
17895,1,200000,1,2,2,27,2,0,0,0,0,0,189605,191628,180604,181273,180385,185370,14635,10019,8029,7010,10022,7049,1
17901,1,50000,1,2,2,28,1,2,2,-2,-2,-2,52753,51400,0,0,0,0,0,0,0,0,0,0,0
17904,1,50000,1,2,1,29,3,2,2,4,4,4,400,400,400,400,400,400,0,0,0,0,0,0,0
17914,1,70000,1,1,2,33,0,0,0,0,0,0,62615,63845,65443,65169,64370,15082,2870,3224,1680,3000,142,142,0
17919,1,120000,1,1,2,33,2,2,2,2,2,2,87310,89273,91057,91981,89605,95245,4300,4100,3300,0,7100,0,1
17938,1,80000,1,1,2,35,0,0,-1,0,0,0,75734,93507,78716,53109,28973,24705,20000,79239,2516,1023,2000,1000,0
17966,1,200000,1,1,1,49,1,-1,-1,-1,-1,-1,0,492,0,489,320,732,492,0,489,320,732,5335,0
17967,1,20000,1,2,1,31,1,2,2,2,2,2,6313,6559,7789,8505,9212,8922,500,1500,1000,1000,0,400,1
17974,1,30000,1,1,2,33,4,3,2,2,2,2,22303,21657,21022,23661,22983,25607,0,0,3000,0,3000,0,1
17993,1,440000,1,1,2,37,0,0,0,0,0,0,186061,232558,312398,222336,223882,130672,50000,100448,7015,6422,6086,4000,0
18016,1,50000,1,2,1,44,0,0,0,0,0,0,48659,34763,16158,11950,9903,10224,1345,1197,1152,495,1014,0,0
18028,1,360000,1,1,1,35,1,-2,-2,-2,-2,-2,396,396,396,396,396,396,396,396,396,396,396,396,0
18029,1,20000,1,3,2,31,0,0,0,0,0,0,7222,13627,11974,11467,10469,9380,10009,2004,5013,3010,3690,4384,0
18037,1,160000,1,3,2,31,0,0,0,0,0,0,108963,105748,109050,112243,114513,114902,4500,5000,5000,4100,4192,6000,0
18047,1,50000,1,3,1,29,0,0,0,-1,-1,-1,9527,9907,9660,880,990,780,2000,1092,880,990,780,0,0
18048,1,50000,1,2,2,30,-1,2,2,-2,-2,-2,780,780,0,0,0,0,0,0,0,0,0,0,1
18050,1,110000,1,2,1,40,0,0,2,0,0,0,31042,33971,33143,34157,34950,36175,3454,0,1568,1361,1900,0,0
18052,1,360000,1,3,1,42,-2,-2,-2,-2,-2,-2,0,4435,0,3666,2749,2921,4435,0,3666,2878,2921,5270,0
18055,1,180000,1,2,1,43,0,0,0,0,0,0,158843,152507,143489,146139,73718,137304,6029,7035,10007,20000,4000,10000,0
18073,1,10000,1,2,2,29,1,2,2,2,2,0,8393,9069,8019,5819,5626,5621,1000,2000,1000,0,2000,1000,0
18091,1,200000,1,1,2,33,-1,-1,-1,-1,-1,0,1431,1491,1000,9373,185994,188730,1491,1326,9373,192994,7000,7000,0
18093,1,80000,1,3,2,35,2,0,0,0,0,0,88027,85314,84147,59671,80941,27436,3264,4092,2400,43532,1511,1200,1
18097,1,250000,1,1,2,41,-1,3,2,2,2,-2,173,173,1573,1400,0,0,0,1400,0,0,0,0,1
18113,1,100000,1,1,2,32,0,0,0,0,0,0,81210,78785,69138,69604,69448,69744,3019,2600,3100,3000,3000,3000,0
18143,1,300000,1,1,2,32,0,0,2,2,-1,0,8077,10566,11293,12000,3458,56338,2800,1200,1200,9427,55000,2000,1
18155,1,30000,1,3,2,32,0,0,0,0,0,0,27995,28977,29366,29553,27677,16364,1456,2000,1400,554,327,0,0
18157,1,110000,1,1,2,40,0,0,0,0,0,0,101781,101811,105848,103018,42298,43464,3700,5700,3100,2000,2000,1700,0
18184,1,200000,1,1,1,45,-2,-2,-2,-2,-2,-2,3659,1710,5033,1125,1088,4469,1718,5069,1130,1093,4491,0,0
18185,1,50000,1,2,1,46,-1,-1,-1,-1,-2,-1,4270,1600,3106,0,0,1370,1600,3106,0,0,1370,3930,0
18186,1,260000,1,2,1,44,2,-1,2,-1,0,0,802,4541,3896,119498,109399,111203,4541,0,119498,3500,3983,3579,1
18200,1,230000,1,2,1,42,0,0,0,0,0,0,26644,27352,28121,33331,38459,42525,1440,1500,6000,6000,5000,1556,0
18210,1,320000,1,2,1,36,0,0,0,0,0,0,154188,14512,303265,310715,318340,268942,5000,300000,14000,15000,12000,10000,0
18214,1,300000,1,1,3,50,0,0,0,0,0,0,301731,230617,306116,291201,241557,193103,60000,80006,10523,8565,8700,3412,1
18234,1,400000,1,3,1,57,-1,0,0,-1,0,0,17253,161057,192054,20660,18242,15609,160002,42263,20663,6020,3500,1003,0
18251,1,30000,1,2,2,52,2,2,0,0,0,0,30119,28682,29058,29320,29787,27599,0,1803,1733,1200,1200,2000,1
18278,1,180000,1,3,1,58,2,2,2,2,2,2,36086,37196,36322,38808,39474,40297,2000,0,3405,1600,1600,1700,1
18280,1,190000,1,1,1,54,0,0,0,0,0,0,187295,186189,186002,170873,98013,94600,7000,7962,7000,3417,3463,3357,0
18291,1,30000,2,3,1,28,0,0,0,0,2,0,23176,23182,19083,19632,15252,14021,2867,2000,2000,0,1500,1353,0
18313,1,30000,2,2,2,22,0,0,0,0,0,0,24426,25429,26491,27132,27672,28253,1712,1774,1415,955,991,1358,0
18319,1,180000,2,2,1,30,1,-1,-1,-1,0,0,1591,150,8834,19565,14170,9017,150,8857,19565,502,3000,2707,0
18328,1,20000,2,1,2,28,0,-1,-1,2,0,0,4647,3567,20330,13463,9192,7315,5057,17000,0,0,0,1183,0
18335,1,20000,2,1,2,22,0,0,0,0,0,0,23050,22101,20912,19480,19129,20014,1336,2502,1700,807,2002,1007,0
18361,1,60000,2,2,2,23,1,2,-1,0,0,0,9491,9094,43457,34481,28695,26040,0,43460,1700,1100,1000,1000,0
18368,1,80000,2,2,2,23,0,0,0,0,-1,-1,38587,27558,23470,21539,14578,11766,5000,5000,10006,14614,11766,18000,0
18399,1,210000,2,2,2,23,0,0,0,0,0,0,9987,14769,16658,21032,19497,3510,5000,5000,5000,8000,2000,4209,0
18410,1,20000,2,2,2,25,2,0,0,0,0,-2,18696,20086,20285,16530,0,0,1705,1418,2011,0,0,0,1
18417,1,30000,2,2,2,24,0,0,0,0,0,0,30767,28818,30411,28805,26895,27162,1600,2517,4006,2000,1000,1500,0
18433,1,250000,2,3,1,27,2,3,2,2,0,0,324204,308506,294198,278964,270046,265787,5000,6000,5000,9600,14000,14000,0
18440,1,30000,2,3,2,23,0,0,0,0,0,0,33171,32678,32218,31963,30942,29945,1524,1537,1755,1207,1076,1188,0
18444,1,100000,2,2,2,24,2,3,2,0,0,0,84098,83160,81265,83012,84933,94362,1000,0,3100,3300,11000,0,1
18453,1,80000,2,1,2,22,0,0,0,0,0,0,48305,48823,41495,36733,27692,27872,1739,1701,1439,980,1005,1216,0
18462,1,120000,2,2,2,24,0,0,0,0,0,0,89240,87970,82837,73297,73084,68697,8000,3500,3500,3000,3000,3000,0
18463,1,30000,2,2,2,24,0,0,0,2,0,0,28218,28704,30428,28914,29357,29955,2000,3600,0,1200,1200,1300,0
18467,1,80000,2,3,1,23,-1,-1,-1,-1,-1,-1,333,333,333,333,0,75,333,333,333,0,75,0,0
18477,1,240000,2,2,2,26,0,0,0,0,0,0,150886,141315,128940,124226,113133,113966,6537,6349,5834,3870,4000,3825,0
18481,1,330000,2,2,1,25,0,-1,0,0,0,0,118053,197622,25664,9461,6407,15791,198842,25000,9004,6000,15000,6000,0
18502,1,60000,2,2,1,26,0,0,0,0,0,0,28768,29510,30389,24914,25408,25941,1524,1403,1500,908,941,946,0
18528,1,40000,2,2,2,26,0,0,2,0,0,0,37423,40742,38582,39478,39620,38687,3967,0,1858,1500,5000,1605,0
18529,1,200000,2,1,2,26,0,0,0,0,0,0,203025,201474,158869,145723,139960,142193,10010,10000,7000,6000,5500,6000,0
18538,1,110000,2,2,2,23,0,0,0,0,0,0,19980,20683,21654,21998,23255,24527,2500,2000,1400,2000,1800,1100,0
18541,1,60000,2,2,2,24,0,0,0,0,0,0,29832,18628,15069,15761,5879,-2879,1538,1308,1000,118,1329,41378,0
18552,1,50000,2,2,2,25,0,0,-1,0,-1,0,8481,2158,3359,2158,2470,662,1000,3359,1000,2470,500,1500,0
18570,1,90000,2,2,2,27,0,0,-1,-1,-2,-2,4403,1995,300,0,0,0,1000,300,0,0,0,0,0
18571,1,360000,2,2,2,27,0,0,-1,-1,-1,-2,12389,-5,1145,1169,-1,-1,0,1150,1174,0,0,0,0
18574,1,250000,2,2,2,24,-2,-2,-1,0,0,0,0,0,19449,20623,21283,21943,0,19449,1500,1000,1000,1000,1
18576,1,10000,2,1,2,24,0,0,0,0,0,2,5707,6728,7865,7105,8298,8020,1123,1260,1500,1470,0,1500,0
18581,1,30000,2,1,2,24,1,2,2,2,0,0,29492,29697,30737,27808,28204,28792,1000,3513,0,1155,1190,1502,0
18585,1,80000,2,2,1,27,0,0,0,0,0,0,42037,43134,44223,43032,43599,41557,2100,2100,2000,2293,1700,2000,0
18596,1,20000,2,3,2,24,-1,-1,-1,-1,-1,-2,5103,3773,10132,4818,0,0,3773,10139,4830,0,0,1960,0
18606,1,80000,2,1,2,24,0,0,0,0,0,0,47952,45713,46752,46375,46893,47872,1732,1771,1714,1632,1687,1749,0
18631,1,80000,2,1,2,26,0,0,-2,-1,-1,0,4301,0,0,2883,1856,2856,0,0,2883,1856,1000,2000,0
18640,1,70000,2,2,2,25,0,0,2,2,2,4,33390,34832,35472,38369,42729,41496,2000,1500,3500,5300,0,0,1
18644,1,200000,2,1,2,27,-1,-1,-1,2,2,2,10603,0,2500,2500,2500,2500,0,2500,0,0,0,0,0
18662,1,200000,2,1,2,27,-2,-2,-2,-2,-2,-2,0,127,133,386,393,286,127,133,386,400,286,500,0
18674,1,50000,2,2,2,22,0,0,0,0,0,0,28544,28681,23306,16282,9451,9408,1450,1400,1300,400,400,400,0
18705,1,210000,2,1,2,27,0,0,0,0,0,0,161055,156712,157087,177934,136807,139230,6000,7000,8000,6574,5500,5500,0
18717,1,150000,2,2,2,26,-2,-2,-2,-2,-2,-2,37636,27448,29890,390,257,10700,27603,29890,21890,257,10833,212,0
18727,1,200000,2,2,2,29,-1,-1,-1,-1,-2,-2,9283,0,780,2220,0,0,0,780,2220,0,0,8893,0
18747,1,20000,2,2,1,29,0,0,0,0,0,0,13958,15016,16069,16776,17118,19835,1600,1600,1278,620,3000,900,0
18757,1,160000,2,2,2,30,0,0,2,-1,0,0,17357,4747,4500,32468,22485,119853,2250,0,32468,2000,104465,4602,0
18776,1,140000,2,1,2,29,0,0,0,0,0,0,58971,18772,20354,23409,26440,28507,7062,2354,3409,3440,2507,4572,0
18784,1,420000,2,1,2,27,0,0,0,0,0,0,41354,45723,33124,31987,23703,22776,7004,9000,7000,5000,5000,10433,0
18786,1,210000,2,1,2,27,0,0,0,0,0,0,16186,16914,18288,19301,19383,19940,1300,1650,1620,700,870,880,0
18789,1,200000,2,2,2,28,0,0,0,0,0,0,59373,55040,54414,53504,53670,45539,6002,3008,2006,2045,1346,1196,0
18799,1,110000,2,2,1,29,0,0,0,0,0,0,104163,92199,85868,74198,69783,66132,3400,3706,3009,2400,2300,2500,0
18812,1,180000,2,1,2,28,1,-1,-1,-1,-1,-1,0,652,0,326,2005,474,652,0,326,2005,474,326,0
18820,1,150000,2,4,1,26,1,-2,-2,-2,-1,-1,0,0,0,0,741,0,0,0,0,741,0,1669,0
18821,1,180000,2,2,1,26,0,0,0,0,-1,-1,182026,111563,78169,0,2354,9446,4500,10056,200,2354,9446,0,0
18838,1,500000,2,1,2,26,0,0,0,0,0,0,32637,35863,37860,42572,47200,59843,15943,27878,22572,17200,19843,96632,0
18851,1,270000,2,1,2,28,-1,-1,-1,-1,0,-1,15167,841,9842,7931,3412,1035,845,9896,7977,17,1040,1848,0
18858,1,180000,2,1,2,28,-1,-1,2,0,0,0,390,1345,955,1565,2175,2159,1345,0,1000,1000,400,1000,0
18863,1,50000,2,1,2,27,1,-1,-1,-1,0,0,0,45000,1000,4874,5374,5874,45000,1000,4874,500,500,0,1
18866,1,150000,2,1,1,29,2,2,-2,-2,-2,-2,6241,0,0,0,0,0,0,0,0,0,0,0,0
18898,1,340000,2,2,1,29,0,0,0,-1,0,-1,36533,33689,8108,19291,35882,18924,3000,3000,21000,20000,18924,22534,0
18903,1,50000,2,2,1,28,-1,-1,-1,2,-1,-1,1019,1672,836,836,836,1517,1672,836,0,836,1517,1394,0
18912,1,50000,2,1,2,28,0,0,0,0,0,0,48211,41670,42710,43399,44261,45188,1971,2011,1700,1585,1641,4000,0
18913,1,280000,2,1,2,28,-1,-1,-1,-1,-1,0,269,4160,3590,274,5274,8222,4166,3607,275,5275,3223,3335,0
18933,1,200000,2,1,2,31,1,-2,-2,-1,-1,-1,4035,4195,0,2907,2400,945,4210,0,2907,2400,945,0,0
18937,1,60000,2,2,1,28,1,2,2,2,2,2,61474,59121,63389,60919,57800,58698,0,5229,18,3779,1764,0,0
18940,1,390000,2,3,1,28,0,0,0,0,0,0,129002,130535,129888,133690,137720,140536,5000,5500,6000,10000,5000,5000,1
18945,1,200000,2,1,1,30,0,0,0,2,0,0,18660,27871,55277,38259,8266,13200,27010,30300,179,5415,10000,10000,0
18949,1,50000,2,3,0,32,-1,-1,2,-1,0,0,326,652,326,978,652,326,652,0,978,0,0,326,0
18983,1,300000,2,3,2,33,-2,-2,-2,-2,-2,-2,0,0,0,0,0,0,0,0,0,0,0,0,1
18986,1,200000,2,1,2,30,0,0,0,0,0,0,96152,102512,116813,125616,115314,114153,8000,16020,13000,7012,5000,8000,0
18999,1,240000,2,2,2,30,-1,-1,0,-1,-1,-1,4684,18412,16580,416,416,416,18432,1416,16580,416,416,416,1
19025,1,230000,2,2,2,26,0,0,-2,-2,-2,-2,23758,0,0,0,0,0,0,0,0,0,0,0,0
19027,1,80000,2,2,1,29,0,0,0,0,0,0,63899,62048,49814,45292,43190,39457,2500,2500,2010,2000,2000,2000,1
19030,1,30000,2,1,1,45,2,0,0,0,0,0,26155,27196,28445,26766,27152,28355,1482,1731,1742,1128,1800,1200,1
19036,1,50000,2,2,1,41,1,2,2,2,2,2,24540,25330,26620,26889,26158,27737,1500,2000,1000,0,2000,0,1
19045,1,280000,2,1,2,29,-2,-2,-2,-2,-1,-1,-11,-11,-11,-11,2572,9532,0,0,0,2583,9566,145007,0
19048,1,190000,2,2,1,46,0,0,0,0,0,0,80903,83900,86897,90399,85698,88400,5000,5000,5600,3000,4000,4500,0
19050,1,100000,2,1,1,30,3,4,4,4,4,3,98094,101614,101072,105252,102742,100884,6000,1900,6686,0,0,0,1
19055,1,50000,2,2,1,42,0,0,0,0,0,0,30640,31546,28405,27959,27785,28123,1746,1800,1729,945,1149,1200,0
19066,1,80000,2,2,1,32,2,2,0,0,0,2,70381,68660,70081,70899,75331,74005,0,3126,2578,5616,0,3000,1
19079,1,50000,2,3,2,45,0,0,0,0,0,0,3740,4382,5008,5627,6159,6677,1100,1091,1100,1000,1000,1000,0
19082,1,450000,2,1,2,31,-2,-2,-2,-2,-2,-2,0,0,0,0,0,0,0,0,0,0,0,0,0
19102,1,10000,2,2,1,49,2,0,0,0,0,0,2240,3100,4116,5280,5543,5605,1057,1073,1237,500,300,205,1
19171,1,130000,2,2,1,43,0,0,0,0,0,0,135390,134974,132242,122832,55232,78266,6329,5472,5701,2211,38663,2350,0
19173,1,100000,2,2,1,33,0,0,0,0,0,0,92189,88832,89762,77986,71031,66983,3252,3215,2792,1881,1945,2184,0
19180,1,180000,2,2,1,34,0,0,0,0,0,0,47517,26137,18177,16866,15067,7615,1526,3006,5020,5000,2000,935,0
19190,1,200000,2,3,1,43,1,2,0,0,0,0,119432,116014,119576,123551,129486,133262,0,5000,5000,7000,5000,5000,1
19220,1,300000,2,3,1,34,-2,-2,-2,-2,-2,-2,-75,29014,21180,-20,-20,4045,29089,21286,0,0,4065,0,0
19230,1,210000,2,2,1,41,1,-2,-2,-2,-2,-2,0,0,0,0,0,0,0,0,0,0,0,0,0
19251,1,400000,2,2,2,30,-2,-2,-2,-2,-2,-2,-38,9465,4991,466,-1381,3122,10446,5002,504,499,5056,2152,1
19253,1,280000,2,1,2,30,0,0,0,0,0,0,36269,39229,48190,48758,49219,58412,10300,10018,10026,5000,10000,2401,0
19267,1,200000,2,2,1,37,-1,-1,-1,-1,-1,-1,313,0,313,152,148,498,0,313,152,148,498,148,0
19287,1,200000,2,3,2,34,0,0,0,0,0,0,195380,199642,188169,191549,195163,194101,7632,6839,6518,6356,6441,6763,0
19290,1,410000,2,1,1,42,-1,-1,-1,2,-1,-1,12327,2306,4054,3830,3160,49828,2324,4204,0,3160,49828,1647,0
19323,1,60000,2,2,1,38,7,6,5,4,3,2,126220,76247,72225,67850,63073,61761,0,880,528,0,0,2380,0
19326,1,230000,2,2,1,38,-1,-1,-1,0,0,0,4549,0,24962,34372,32630,33334,0,24962,10000,943,1000,1058,0
19333,1,50000,2,3,2,35,-1,-1,-1,-1,-1,-1,3123,1326,2866,4406,2821,1854,1326,2866,4406,2821,1854,1688,0
19352,1,120000,2,2,1,40,1,2,3,2,3,2,57816,62139,60584,63871,62251,63443,5900,0,4900,0,2500,2500,1
19368,1,110000,2,2,1,39,0,0,0,0,0,0,93111,91198,85136,80491,78967,80628,3226,3050,2765,2304,2400,1885,0
19377,1,500000,2,4,2,38,-2,-2,-2,-2,-2,-2,2252,2265,24667,40626,9255,8659,2265,24905,40827,30844,8695,3532,0
19379,1,120000,2,2,1,36,0,0,-2,-2,-1,-1,106609,380,0,970,5576,0,380,0,970,5576,0,2785,0
19397,1,180000,2,2,1,32,0,0,0,0,0,-2,5244,8135,12621,17987,-99,-99,3000,5000,15000,0,0,0,0
19411,1,350000,2,1,2,35,-2,-2,-2,-2,-2,-1,8526,10892,9218,9834,1458,5225,10951,9274,4711,1472,5251,68361,0
19416,1,230000,2,1,1,37,-2,-2,-2,-2,-2,-2,312,2984,1786,363,437,843,3186,1786,363,437,843,500,1
19422,1,210000,2,2,1,35,-1,-1,-1,-1,0,-1,188,971,2871,5087,1943,3392,971,2871,5087,0,3392,4000,1
19426,1,190000,2,2,1,34,0,0,0,2,2,2,84031,86730,93705,91317,96079,94428,5000,9310,0,7200,0,8000,0
19428,1,240000,2,2,1,37,0,0,0,0,-1,0,51277,51999,52613,21696,22807,22877,10006,10000,10000,22807,10000,11109,0
19429,1,200000,2,2,2,28,-1,-1,-1,2,2,-2,4571,0,2983,2780,0,0,0,2983,0,0,0,3125,0
19439,1,20000,2,1,2,34,-2,-2,-2,-2,-2,-2,1789,16745,1464,1466,1691,4565,16745,1464,1466,1691,4565,4570,0
19448,1,80000,2,1,2,28,0,0,0,2,2,0,36736,38079,40805,35740,32684,32605,1955,3681,1300,0,1500,1200,0
19451,1,420000,2,1,2,27,0,0,0,0,0,0,198604,202935,207548,211990,216362,220728,7518,7763,7768,7768,7877,7934,0
19470,1,500000,2,1,1,41,-2,-2,-2,-2,-2,-2,4513,4342,3321,6760,5788,12633,4375,3337,6789,5816,12696,4348,0
19495,1,170000,2,1,2,28,-1,-1,-1,-1,-1,-1,1311,3008,4244,1718,0,1125,3008,4244,1718,0,1125,0,0
19524,1,120000,2,1,2,26,0,0,0,0,0,0,43629,56933,54724,32400,9207,5828,25000,45000,5151,2000,5000,9115,0
19533,1,380000,2,2,1,41,3,3,2,0,0,0,415735,400246,384705,383332,381423,377466,0,0,15135,13212,13529,15212,1
19537,1,30000,2,3,1,44,2,0,0,0,0,0,26627,27631,29179,30146,26371,27567,1452,2000,1500,933,2000,3000,1
19538,1,50000,2,2,2,40,0,-1,-1,-1,-2,-2,19869,15584,4377,0,0,0,15584,4377,0,0,0,0,0
19540,1,150000,2,1,2,31,-2,-2,-2,-2,-2,-2,5596,2569,0,0,0,302,2573,0,0,0,302,176,0
19544,1,90000,2,2,1,41,0,0,0,0,0,0,25388,26460,26711,27722,28116,28552,1800,1747,1758,1152,1038,1073,0
19553,1,80000,2,2,1,37,-1,-1,-1,-1,-1,-1,2000,2000,2000,2000,2000,2000,2000,2000,2000,2000,2000,4206,1
19558,1,500000,2,1,1,37,0,0,0,0,0,0,208068,188873,170225,170407,196150,167748,30072,10093,20031,60030,15008,8008,0
19592,1,420000,2,1,1,33,2,-1,0,-1,-1,0,8117,20837,21610,10654,4427,1800,20837,1118,10658,6341,0,3,0
19599,1,50000,2,1,1,40,-2,-2,-2,-2,-2,-2,0,1470,0,0,591,426,1470,0,0,591,426,595,0
19606,1,180000,2,1,1,31,0,0,0,2,2,2,151776,157050,167293,168074,167235,179461,9300,14300,5000,3400,15000,6017,0
19612,1,230000,2,2,2,30,-2,-1,0,0,0,0,0,63508,59835,60963,59337,71089,63508,2300,2200,2200,25000,2400,0
19625,1,80000,2,2,1,45,0,0,0,-2,-2,-2,81328,82150,0,0,0,0,3750,0,0,0,0,0,0
19630,1,130000,2,2,1,45,-1,2,-1,-1,-1,-1,1980,990,990,990,990,1130,0,990,990,990,1130,1000,0
19638,1,50000,2,3,1,49,2,0,0,0,-2,-2,48297,50487,51400,0,0,0,3000,2400,0,0,0,0,1
19644,1,460000,2,1,2,29,0,0,0,0,0,0,82315,170894,160223,160894,165246,169983,90150,7018,7000,7002,8007,8038,0
19647,1,120000,2,2,1,30,0,0,-1,-1,0,0,25657,27877,1150,29225,25893,11707,3000,2000,29225,2000,2000,20000,0
19658,1,50000,2,2,2,33,1,2,0,0,0,0,49633,48475,41848,40136,40626,41970,24,2039,1965,1455,2000,1877,0
19665,1,210000,2,2,2,37,0,0,0,0,0,0,26557,31090,58054,44624,43339,44245,5000,28008,15000,1552,1605,1615,0
19668,1,210000,2,3,2,36,2,0,0,0,0,0,420522,203447,206683,99411,63322,73433,16000,6549,4500,2407,12700,3200,0
19701,1,50000,2,3,1,39,0,0,0,0,0,0,48694,46514,47771,43739,29090,24317,1803,2060,2025,1375,1035,900,0
19705,1,20000,2,2,1,31,0,0,0,0,-2,-2,5500,8360,6000,0,0,0,3000,1000,0,0,0,0,0
19713,1,80000,2,1,2,27,0,0,0,0,0,0,35303,36215,37330,38407,39168,40037,1800,2000,2000,1700,1650,3200,0
19722,1,150000,2,3,2,30,0,0,0,0,0,0,24523,22224,20880,17305,16094,18516,2029,3030,3118,3003,3040,2050,0
19760,1,310000,2,1,1,35,0,0,0,0,0,0,143072,153378,176904,174117,125526,108107,30000,30000,10054,10000,10000,5000,0
19765,1,60000,2,3,1,46,0,0,0,0,0,0,58584,59250,52413,44436,28098,26749,2700,2219,1727,1120,1500,1100,0
19783,1,50000,2,2,2,37,1,2,2,2,0,0,47071,40218,24587,14999,13410,7378,148,3115,3,1000,415,565,1
19789,1,260000,2,1,1,41,1,-1,-1,-1,-1,-1,0,5848,0,8839,62140,6647,5848,0,8839,62140,6647,7573,0
19801,1,80000,2,2,1,40,-1,-1,0,-1,-1,-1,3463,5143,8351,3234,1819,1909,5143,6458,3917,1819,2299,1909,0
19809,1,50000,2,3,1,31,0,0,0,0,0,0,29731,30329,26823,27454,27286,27858,1500,1500,1500,1000,956,1000,0
19844,1,120000,2,1,2,35,2,2,2,2,0,0,110581,104687,112279,108089,88594,87630,0,10800,0,3500,3400,3500,1
19889,1,20000,2,3,1,48,0,0,0,0,0,0,14203,15215,16544,17250,17604,19993,1252,1581,1287,641,2684,0,0
19903,1,400000,2,2,1,44,-2,-2,-2,-2,-2,-2,0,804,11192,0,0,0,804,11242,0,0,0,0,0
19906,1,500000,2,1,2,45,-1,-1,-1,0,-1,-1,290,5640,52858,151479,29343,2355,5692,52858,100756,29488,2365,8762,0
19909,1,80000,2,2,2,31,-1,-1,-1,-1,-1,-1,1068,0,100,0,1050,-150,0,100,0,1050,0,0,1
19916,1,500000,2,3,2,40,0,0,0,0,0,0,212961,264961,237006,139311,128095,181304,63000,20078,30141,30000,60000,50000,0
19920,1,350000,2,1,1,44,-1,-1,-1,-1,-1,0,4025,2820,3094,0,330,330,2820,3094,0,330,0,1240,1
19924,1,50000,2,2,1,31,0,0,0,0,0,0,22716,19198,19462,14841,11088,10301,2000,1510,4000,1000,600,500,0
19932,1,50000,2,3,2,49,0,0,2,0,0,0,46468,50669,48701,49066,30177,29274,5000,0,2500,1151,1156,1052,1
19953,1,260000,2,2,1,39,-2,-2,-2,-1,-1,-1,0,2399,1647,502,597,4222,2399,1647,502,597,4222,2117,0
19956,1,100000,2,2,1,35,1,-2,-2,-2,-1,-1,0,0,0,0,4323,2000,0,0,0,4323,2000,0,0
19975,1,180000,2,2,2,36,-2,-1,-1,-1,-2,-2,0,1290,2985,0,0,0,1290,2985,0,0,0,0,0
19978,1,240000,2,2,1,32,1,-2,-2,-2,-2,-2,0,0,0,0,0,0,0,0,0,0,0,0,0
19994,1,250000,2,1,1,49,-1,-1,-2,-2,-1,0,1104,0,0,0,3000,1500,0,0,0,3000,0,3212,0
19997,1,60000,2,2,1,37,0,0,0,0,0,0,59462,60866,54007,52089,29397,29110,3000,2570,2202,1200,1100,1100,1
20024,1,250000,2,1,2,30,0,0,0,0,0,0,144807,162326,168186,175369,178156,189259,20000,10000,10000,7200,14000,7200,0
20030,1,250000,2,2,2,30,0,0,0,0,0,0,197436,201831,206282,210963,215711,218692,7500,7527,8000,8000,8000,8500,0
20032,1,240000,2,2,2,36,2,2,0,0,0,0,247477,241976,242629,239438,203445,203585,11,10949,9419,7461,7601,7501,0
20050,1,160000,2,3,1,46,-1,-1,-1,-2,-2,-2,960,485,0,0,0,0,485,0,0,0,0,0,0
20059,1,80000,2,1,1,37,-1,-1,-1,-1,-1,-1,2028,286,14255,10056,317,728,286,14255,10071,317,728,16312,0
20062,1,390000,2,4,1,40,0,0,0,0,0,0,195688,199033,197961,195958,196019,199014,7636,5653,5545,5532,5859,6818,0
20065,1,310000,2,1,1,41,-1,0,0,0,0,0,30680,126866,129449,106382,98892,92599,100000,16036,5000,3000,3000,3000,0
20068,1,500000,2,1,2,45,0,0,0,0,0,0,87206,90487,19892,20377,32177,41677,5303,10000,1200,12000,10000,0,0
20073,1,230000,2,2,2,32,0,0,0,0,0,0,17957,18063,20755,23278,24083,25145,3000,3000,3000,4000,4000,3000,0
20087,1,30000,2,3,2,45,-2,-2,-2,-2,-2,-2,0,0,0,0,300,390,0,0,0,300,390,930,0
20105,1,170000,2,2,1,29,0,0,0,0,0,0,50104,32978,11779,79862,39617,34091,2000,2009,78417,8000,3000,3000,0
20121,1,100000,2,2,2,42,0,0,0,0,0,0,117464,81625,81815,78927,77418,74657,2962,2986,2807,2686,2767,2909,1
20133,1,350000,2,2,2,34,0,0,0,0,0,0,19202,16576,16801,15238,10267,9578,1300,2000,1500,1000,1500,2500,0
20141,1,50000,2,2,1,35,1,2,2,2,2,2,8917,8625,11475,10999,12311,11973,0,3000,0,1800,0,1950,1
20175,1,390000,2,1,1,39,0,0,-1,-1,-1,-1,42721,22836,24266,6088,2500,828,12041,24353,6118,2550,828,0,0
20181,1,170000,2,1,1,33,1,-2,-2,-2,-1,0,0,0,0,0,185,185,0,0,0,185,0,4578,0
20182,1,170000,2,1,2,28,0,0,0,0,0,0,56766,59811,61987,63849,66276,68207,4000,3638,3500,3500,3000,3000,0
20194,1,330000,2,1,2,32,0,0,0,0,0,0,12118,11176,9369,7061,23421,21240,2000,1114,1493,20000,1000,700,0
20207,1,70000,2,1,2,50,2,0,0,0,0,0,62049,64315,58564,56741,25172,29186,4000,3000,10032,8000,5139,1000,1
20216,1,490000,2,3,1,54,-1,-1,-1,-1,-1,-1,396,396,361,7530,396,396,396,361,7600,396,396,396,0
20228,1,220000,2,3,1,51,0,0,0,0,0,0,44076,40353,36314,32320,27803,25370,2000,1600,1600,1000,3000,1000,0
20230,1,20000,2,2,1,50,0,0,0,0,2,0,13779,14788,15815,17891,17308,17521,1245,1272,2348,0,640,1615,1
20236,1,200000,2,3,1,54,-1,2,-1,-1,-1,-1,2841,1709,1312,2404,3786,1916,0,1312,2404,3786,1916,2299,0
20249,1,210000,2,3,2,51,2,0,0,0,0,2,42795,43787,44826,45544,48497,47591,2007,2046,1764,3717,0,1885,1
20251,1,100000,2,2,1,52,0,0,0,0,0,0,39555,40550,41587,42602,43327,47950,1955,1992,2007,1732,5506,0,0
20260,1,80000,2,3,1,57,0,0,-2,-1,0,0,33600,0,0,9618,10455,11131,0,0,9618,1000,1000,1000,0
20269,1,50000,2,3,1,52,1,2,0,0,0,0,19371,18761,19469,20412,19755,20320,0,1700,1600,700,840,700,0
20279,1,150000,2,1,1,54,-2,-2,-2,-2,-2,-2,-1,262,329,39919,263,263,263,331,40118,264,264,790,1
20328,1,440000,2,1,1,53,0,0,0,0,0,0,295180,284145,255143,234395,216318,202530,13007,9102,10003,5000,5000,6000,0
20336,1,90000,2,3,1,54,3,2,2,2,2,0,86228,85437,90635,91745,87466,85662,1500,7500,3500,0,3300,3500,1
20337,1,40000,2,2,1,56,0,0,0,0,0,0,30048,31049,32144,33157,33657,34359,1805,1900,1851,1351,1394,1464,1
20344,1,20000,2,2,1,58,-1,-1,-1,-1,-2,-1,17895,13576,18286,-200,0,18486,13605,19352,0,200,18486,5656,0
20351,1,360000,1,2,2,29,0,0,0,0,-1,0,67273,47110,39017,0,6835,5562,10000,5000,0,6835,0,2009,0
20354,1,20000,1,2,2,28,0,0,0,0,0,0,17027,34235,18478,19215,15915,0,1500,3000,1200,400,0,0,0
20361,1,300000,1,1,1,35,0,0,0,0,0,0,91282,45885,35329,29368,18833,93329,3260,2240,1505,1250,80934,2700,0
20366,1,50000,1,1,2,23,0,0,0,0,0,0,34376,35300,32106,32994,18220,18755,1806,1612,1500,652,828,957,0
20380,1,20000,1,2,2,24,2,3,2,2,3,2,21034,19839,18663,20394,19228,19615,0,0,2616,0,1400,0,0
20399,1,20000,1,2,2,23,3,3,2,0,0,2,11859,11385,10916,12419,13904,13538,0,0,2000,2000,0,1400,1
20405,1,150000,1,4,2,32,0,0,0,-1,0,0,159919,68686,161192,150464,143375,146411,4019,146896,157436,4600,4709,5600,0
20427,1,30000,1,2,2,24,0,0,0,0,0,0,27880,29342,22974,24586,25675,30765,2000,1388,2000,1500,5541,0,0
20430,1,10000,1,1,2,24,2,2,0,0,0,0,8837,7554,8287,9580,9267,10096,0,1500,2000,700,1500,0,1
20441,1,50000,1,2,2,26,1,2,2,2,2,2,31392,32976,34154,33311,35246,34548,2400,2000,0,2800,0,3100,1
20447,1,90000,1,3,2,25,1,3,2,2,2,2,25179,24496,23325,24336,24817,25338,0,0,1405,886,919,1104,1
20450,1,120000,1,3,0,26,0,0,-1,-1,-1,-1,45753,53323,5257,13781,8636,5698,13160,5272,13832,8661,5715,38852,0
20452,1,90000,1,2,2,25,0,0,-1,-1,0,-1,2381,2908,1051,2422,1051,1051,1800,1052,2422,0,1051,83573,0
20455,1,400000,1,1,2,26,0,0,0,0,0,0,98580,67946,161585,146093,129047,75427,8006,123692,7002,8167,3996,2000,0
20463,1,50000,1,1,2,24,0,0,0,0,0,0,12570,11659,8312,11451,9312,7239,6000,6000,8000,186,0,0,0
20473,1,80000,1,3,1,34,1,2,2,2,2,2,71104,72737,73987,72199,76621,78451,3400,3000,0,5637,3200,0,1
20484,1,70000,1,3,2,26,0,0,2,0,0,0,64494,69272,62196,62809,48047,49110,5916,0,2315,1718,2000,2000,1
20493,1,120000,1,1,2,28,0,0,0,0,-1,-1,117303,15504,15748,15480,998,980,1256,1500,2000,998,980,0,1
20497,1,140000,1,2,2,26,2,2,2,2,2,2,119424,116014,133567,129953,136283,139961,0,19500,0,10000,6000,5000,1
20516,1,100000,1,2,1,30,-1,-1,-1,-1,-1,-1,416,416,589,1416,416,416,416,1005,1416,416,416,0,0
20517,1,150000,1,5,2,24,0,0,-1,0,0,0,10459,11445,122175,111847,76628,64200,2516,122685,3328,2230,2062,1891,0
20520,1,50000,1,1,2,26,0,0,0,0,0,0,43226,19278,18403,19369,20094,17934,1300,1300,1300,1000,1000,1000,0
20535,1,90000,1,2,1,29,0,0,0,0,0,0,84844,65217,63943,62327,55800,56800,2277,3489,1639,1136,1000,0,0
20540,1,300000,1,1,2,28,1,-2,-2,-2,-2,-2,0,0,0,0,0,0,0,0,0,0,0,0,0
20548,1,50000,1,1,2,27,-1,0,0,0,-1,-1,33567,0,28971,30437,14106,794,2034,0,2500,1024,397,21885,0
20556,1,60000,1,1,2,28,0,0,2,2,0,0,59059,50579,24193,23511,24019,24481,3800,1900,0,1200,1000,3500,0
20562,1,180000,1,2,2,28,1,2,2,2,2,2,29484,30309,28313,942,1038,492,2000,942,0,492,0,600,0
20564,1,30000,1,3,2,25,0,0,-2,-2,-2,-2,1211,-50,-440,-830,-1220,-1220,0,0,0,0,0,2000,0
20588,1,100000,1,1,2,29,0,0,0,0,0,0,57757,60367,62959,61796,62602,64983,5003,5003,1723,3115,3000,3000,0
20591,1,200000,1,2,1,29,-2,-2,-2,-2,-2,-2,1418,3052,3538,17091,2413,1301,3066,3555,17175,2435,1307,5839,0
20593,1,50000,1,2,2,27,0,0,0,0,0,0,17831,18139,18777,19662,19348,19355,1295,1323,1598,674,690,855,0
20628,1,360000,1,1,2,29,-1,2,-1,-1,-1,-1,6902,1950,2618,2868,425,29879,141,2618,2868,425,29879,18780,0
20631,1,80000,1,1,2,30,-1,0,-1,0,0,0,5504,6187,100,600,1438,1919,1004,504,500,1000,500,3500,0
20633,1,260000,1,2,2,30,0,0,0,2,0,0,4640,5891,8840,8464,10068,10977,1500,4000,0,2000,1500,1000,0
20652,1,30000,1,2,1,22,1,2,5,4,3,2,25147,28747,28029,27120,26154,25940,4311,0,0,0,0,0,1
20665,1,370000,1,2,2,39,1,2,0,0,0,0,343248,334394,337272,340152,345904,322168,5,14005,12004,12362,12006,9555,1
20683,1,20000,1,2,1,32,0,0,0,0,-1,-1,7162,8229,8290,0,390,780,1200,1000,0,390,780,0,0
20699,1,80000,1,3,2,44,0,0,0,0,-1,-1,55297,56677,57687,4500,4500,0,2300,2200,1005,4500,0,0,1
20701,1,50000,1,3,2,49,0,0,0,0,0,0,48245,27656,23168,20245,20251,19970,1286,21578,1310,706,806,656,0
20706,1,90000,1,2,1,39,0,0,0,0,0,0,36703,38089,40162,41422,42172,34477,2000,3000,2000,1600,1500,2000,0
20707,1,280000,1,1,1,42,-2,-2,-2,-2,-2,-2,-26,-26,-26,-26,5294,-4,0,0,0,5320,0,919,0
20721,1,210000,1,1,1,34,0,0,0,0,0,-1,42617,67734,66612,65799,-41,8208,30020,4043,10329,0,8249,2572,0
20728,1,30000,1,2,1,36,0,0,4,3,2,2,22261,28083,27371,26645,25919,27535,6200,0,0,0,2038,1268,0
20732,1,50000,1,3,1,45,0,0,0,0,0,0,29287,29875,15028,5639,6389,7130,1600,1700,1250,1000,1000,1000,0
20735,1,120000,1,1,1,49,0,0,0,0,0,0,10105,114804,117262,117427,116637,115794,106000,5800,5700,4400,8421,0,0
20740,1,240000,1,1,2,30,-1,0,0,0,0,0,178911,182510,186450,190523,194405,182630,6581,6881,7181,7281,6638,6881,0
20744,1,220000,1,1,1,39,0,0,0,0,0,0,96473,97887,94776,72842,46747,44236,10000,4000,5063,2000,1605,1697,0
20756,1,70000,1,2,1,37,0,0,0,0,0,0,57981,66858,65303,63066,28291,25258,15000,3247,3500,837,1000,2500,0
20757,1,40000,1,2,1,46,2,2,2,3,2,3,27324,30108,32515,31698,33581,32772,3573,3206,0,2700,0,0,1
20762,1,20000,1,2,2,30,0,0,0,0,0,0,15070,16384,17413,18117,18632,19180,1568,1597,1301,816,1000,779,1
20765,1,20000,1,2,1,46,0,0,0,0,0,0,17483,18552,19442,14678,16791,10361,1363,1256,1178,311,2264,0,1
20772,1,20000,1,2,2,44,0,0,0,0,0,0,8843,9262,7102,5035,5152,2150,1115,1202,1000,117,246,0,0
20784,1,500000,1,1,1,34,0,0,0,0,0,0,104638,104176,70726,45435,49408,53372,3780,3030,10327,10031,10255,115270,0
20794,1,20000,1,2,2,34,-1,-1,-1,2,2,-2,390,390,780,780,0,0,390,780,0,0,0,0,0
20801,1,340000,1,2,1,49,0,0,0,0,0,0,317686,302986,263928,260916,257001,210033,17000,18000,13000,12000,12000,8000,0
20827,1,180000,1,1,2,31,0,0,0,0,0,0,17426,29047,30572,38043,39441,42652,12000,2000,8043,2000,4000,12500,0
20833,1,330000,1,1,1,48,-2,-2,-1,-1,-1,-1,0,12089,28933,14553,12400,20805,12089,28933,14553,12400,20805,0,0
20854,1,80000,1,2,2,28,0,0,0,0,-2,-2,10677,9478,4603,0,0,0,2017,1033,0,0,0,1820,0
20865,1,190000,1,2,1,45,0,0,0,0,0,0,82764,63105,55282,50864,48782,49241,5000,2600,2000,3000,5000,2000,0
20892,1,310000,1,2,1,48,0,0,0,0,0,0,102646,101640,102740,97791,86200,83017,5200,4700,4250,3100,3100,3100,0
20904,1,20000,1,3,2,48,3,2,2,7,7,7,250,250,250,250,250,250,0,0,0,0,0,0,1
20914,1,20000,1,2,2,26,1,2,2,0,0,2,8476,10187,9885,11398,12208,11869,2000,0,2000,1000,0,1200,1
20924,1,130000,1,2,1,38,0,0,0,0,-2,-2,233617,115431,35400,0,0,0,10000,5000,0,0,0,0,0
20943,1,300000,1,2,1,48,1,-2,-2,-2,-2,-2,0,0,0,0,0,0,0,0,0,0,0,0,0
20945,1,530000,1,1,2,30,0,0,0,0,0,0,205848,214022,393664,235392,232640,239004,13000,20000,10000,10000,10000,9000,0
20960,1,290000,1,1,2,41,0,0,0,0,0,0,275367,255049,247090,242309,238609,238712,10580,9006,8507,10902,8600,8671,0
20973,1,20000,1,2,3,48,0,0,0,2,0,0,16537,16192,16926,17333,16820,17175,1500,3500,1000,1000,1000,1000,0
20984,1,20000,1,2,2,34,2,2,2,0,0,0,17497,20690,20075,19492,19859,19232,3500,0,1500,805,7000,542,1
20991,1,180000,1,1,2,31,1,2,2,2,2,2,172505,166692,176869,347813,171041,181637,0,16000,6000,0,15000,7000,0
20998,1,80000,1,2,1,38,0,0,0,0,0,-1,40356,25023,16392,7467,6727,994,1631,1432,1000,520,1097,2236,0
21009,1,60000,1,3,2,41,-1,-1,-1,-1,-1,-1,866,29123,26766,-1644,6398,5556,29687,30000,0,20009,10000,10000,0
21017,1,160000,1,1,2,33,2,2,2,0,0,0,146129,158066,156898,154725,115841,111615,15000,4000,8000,4000,4000,4000,1
21023,1,200000,1,1,2,34,-1,-1,-2,-2,-1,-1,3253,3969,-8,2315,4255,2010,4005,326,2323,4264,2028,1857,0
21030,1,50000,1,3,1,35,0,0,0,0,0,0,50500,50181,49630,50153,30914,29200,2000,2200,1968,1106,1040,1069,1
21047,1,230000,1,2,1,34,1,-2,-1,2,2,0,0,0,33,33,33,1133,0,33,0,0,1100,704,1
21049,1,100000,1,2,1,38,-1,-1,-1,2,0,0,7798,864,3302,2430,805,3415,864,2438,821,1,3110,2206,1
21073,1,70000,1,2,1,44,0,0,0,0,0,0,14202,15149,15481,15266,13489,11837,1500,1585,1500,1000,600,1500,0
21083,1,140000,1,1,1,44,0,0,0,2,0,0,90547,92536,96535,98041,100504,103874,3500,5500,4000,5000,5000,5000,0
21092,1,200000,1,1,1,36,-1,-1,-1,0,0,0,4585,33282,16175,104872,22897,29339,33485,16254,100551,12077,20182,21104,0
21097,1,110000,1,2,2,37,0,0,0,0,0,0,112091,112380,86544,77131,60895,60936,4625,3112,2467,2182,2190,2182,0
21102,1,20000,1,3,2,34,0,0,2,0,0,-2,6569,6939,4679,2960,0,0,2449,0,1000,0,0,0,0
21107,1,80000,1,3,1,45,0,0,0,0,0,0,55385,52801,50209,43323,40275,38690,2019,2031,2013,2016,2002,3000,0
21109,1,20000,1,1,1,36,0,0,0,0,0,0,18958,19427,19021,19449,19162,0,1500,2000,1200,413,0,0,1
21138,1,200000,1,1,1,39,-2,-2,-2,-2,-2,-2,8852,3103,2005,15776,2696,6147,5585,2015,15854,2709,6178,16961,0
21141,1,280000,1,3,2,35,0,0,0,0,0,0,275659,265870,269140,272665,159017,88321,10932,12011,10807,4306,4023,5387,0
21163,1,20000,1,3,2,35,0,0,0,0,0,0,16958,17028,15421,13895,11592,11433,1699,1600,2000,1000,1500,1000,0
21189,1,130000,1,2,1,39,0,0,0,0,0,0,103566,105797,102729,104761,87660,92123,3969,3823,3836,3345,9116,0,1
21193,1,90000,1,2,1,41,-2,-2,-2,-2,-2,-2,188,188,188,1708,1783,3933,188,188,1708,1783,3933,10754,0
21194,1,100000,1,2,1,46,-1,-1,0,-1,-1,-1,390,3505,5695,3480,2949,477,3505,2695,3480,2949,477,1753,0
21197,1,230000,1,2,1,35,0,0,0,0,0,0,170413,166858,170323,172136,175550,179291,5976,6158,6247,6276,6562,7769,0
21225,1,40000,1,2,1,47,0,0,2,2,3,2,34664,37611,36726,40985,40085,39354,3524,0,4898,0,0,1800,0
21232,1,150000,1,1,1,44,-1,-1,-1,-1,-1,0,4825,3003,6164,3370,7279,4445,3018,6201,3386,7299,1166,5,0
21233,1,180000,1,1,1,49,-1,-1,2,2,-2,-2,1092,1733,1405,-434,-434,-434,1733,0,0,0,0,0,1
21245,1,250000,1,1,1,44,-1,-1,-1,2,-1,0,3893,54673,8402,2765,6037,3561,54946,8433,13,6049,17,4980,0
21251,1,340000,1,2,1,49,0,-1,-1,0,0,0,9983,43418,388126,358617,333690,302528,43418,388126,12500,11000,11000,11180,0
21254,1,170000,1,2,1,42,0,0,0,0,0,0,162880,164824,132485,120267,117453,115778,8000,6107,6000,4500,4500,4500,0
21260,1,210000,1,1,1,50,1,-2,-2,-2,-2,-1,0,0,0,0,0,484,0,0,0,0,484,0,0
21261,1,30000,1,3,1,52,0,0,0,0,0,0,28541,28889,30050,29797,18464,12235,1502,2002,1025,1230,1042,0,0
21262,1,30000,1,3,1,51,0,0,0,0,0,-2,13386,13218,14453,15525,0,0,1218,1453,1525,0,0,0,0
21269,1,110000,1,3,2,52,0,0,0,2,0,0,56327,57106,58489,57800,57312,57188,2700,3300,2044,2100,2000,2266,0
21271,1,110000,1,1,1,52,0,0,0,0,0,0,82390,84024,84485,81057,43113,40805,4000,4015,4012,3000,2164,2000,0
21285,1,50000,1,3,1,51,0,0,0,0,2,2,38302,39299,40703,44350,43517,46821,1634,2038,4685,0,3982,0,0
21344,1,20000,1,2,1,53,1,2,2,-1,-1,-1,5397,6153,5914,13385,5490,0,1000,99,13401,5490,0,0,0
21346,1,350000,1,1,1,57,0,0,0,0,0,0,262719,269742,263086,269832,271763,276224,11500,18000,11000,11500,14000,12000,0
21351,1,500000,1,2,1,59,0,0,0,0,0,0,197792,201418,205895,212010,214287,218266,7200,8000,10010,7500,7266,6218,0
21370,1,50000,1,2,1,56,0,0,0,0,0,0,48895,49455,49245,48657,20050,17376,1775,2070,1232,625,585,560,0
21419,1,60000,2,2,1,27,1,2,2,2,2,2,25547,24838,27725,26981,28921,29506,0,3300,0,2400,1200,1300,1
21435,1,20000,2,3,1,23,0,0,0,0,0,0,5373,7286,8311,11179,10400,3782,2000,1132,3000,1000,3782,3000,0
21436,1,90000,2,3,2,27,1,2,0,0,0,0,94699,92290,90719,39902,39200,38531,0,4183,1600,1280,1310,1432,1
21455,1,80000,2,3,1,29,0,0,0,0,0,0,15008,17434,19145,21807,24442,27038,3000,2000,3000,3000,3000,1000,0
21457,1,250000,2,1,2,28,0,0,0,0,0,0,176925,179079,186166,189786,195130,198147,7000,10000,10000,10000,7300,8000,1
21463,1,30000,2,2,2,29,2,2,2,2,2,0,18872,21734,21103,22939,22273,22814,3500,0,2500,0,900,1000,1
21480,1,350000,2,1,2,33,0,0,-1,-1,0,0,14118,4278,8621,970,1345,2267,3922,8621,970,1000,1917,454,0
21490,1,230000,2,1,2,30,-1,-1,-1,-1,-1,-1,1432,1094,665,582,472,746,1094,665,582,472,746,633,0
21494,1,250000,2,2,1,29,-1,-1,-1,0,0,0,390,0,49140,32699,32949,34150,0,49140,1596,5000,2000,1800,1
21503,1,110000,2,1,2,26,0,0,0,0,0,0,103705,94786,94708,83765,73122,74366,3500,3500,3000,3700,12488,100,0
21518,1,90000,2,3,1,48,-1,-1,-1,2,-1,0,1102,-14,21816,316,632,316,0,22146,0,632,0,7816,0
21520,1,70000,2,2,1,33,0,0,0,0,0,0,52901,43981,33439,24926,10681,7431,2011,1683,3160,3000,3000,5060,0
21537,1,30000,2,2,2,22,-1,2,2,2,2,2,11222,11738,13255,14380,14081,10796,1000,2000,1670,551,0,500,1
21543,1,80000,2,2,2,24,0,0,0,0,0,0,17220,14844,12718,8808,7952,7925,1400,1600,1088,245,636,0,0
21567,1,20000,2,1,2,24,-1,0,0,0,0,0,16582,17721,18762,19729,20134,19590,1422,1333,1300,700,1000,1000,0
21574,1,30000,2,2,1,22,2,2,2,0,0,0,30525,28574,14220,14188,7058,7976,1725,0,1230,1000,1000,0,1
21575,1,150000,2,3,2,23,0,0,0,0,0,0,11329,10775,11829,7031,7172,5833,1219,1273,1069,1683,202,299,0
21582,1,330000,2,2,2,31,0,0,0,0,0,0,30532,33814,38243,39603,40542,41239,3814,5000,2000,1598,1500,2000,0
21610,1,60000,2,2,2,24,0,0,0,0,0,0,28277,27295,27403,23837,23078,22618,1450,1724,1600,1000,1000,2500,1
21615,1,90000,2,2,2,24,0,0,0,0,0,0,89608,87743,87363,74329,48451,48715,4507,4000,2500,2000,2000,2000,0
21622,1,130000,2,1,2,24,0,0,0,0,0,0,78744,74511,81315,75538,77172,79442,3500,10000,4000,3500,3500,3500,0
21629,1,70000,2,2,2,24,0,0,0,0,2,0,12954,14425,18171,20861,20231,22831,2000,4000,3000,0,3100,3000,0
21636,1,80000,2,2,2,23,1,2,2,2,2,2,21775,21127,23772,23092,24806,24272,0,3000,0,2100,0,1500,1
21683,1,130000,2,2,2,22,0,0,0,0,0,0,34970,14867,10341,9788,7193,9006,2012,2000,2290,1005,4078,713,0
21703,1,50000,2,2,2,26,2,0,0,0,0,0,47510,32952,22289,22752,9325,9270,1744,1537,1000,187,185,0,0
21708,1,10000,2,1,2,23,3,2,2,0,0,0,7067,8092,7820,8824,8996,9182,1291,0,1295,467,479,480,1
21737,1,30000,2,3,1,21,0,0,0,0,2,0,28884,25277,25289,25971,25350,5082,2091,1600,1600,301,102,40,0
21756,1,50000,2,1,2,24,1,2,2,0,0,2,50789,52158,51051,50959,51121,49344,2500,0,2100,3500,0,2000,0
21762,1,90000,2,2,2,24,0,0,0,0,0,2,12750,15359,16404,17424,18925,18483,3155,1600,1600,2100,0,1500,0
21765,1,320000,2,1,2,24,0,0,0,0,0,0,64232,67516,70774,70089,71994,57805,4000,4002,3000,15000,5000,5000,0
21772,1,360000,2,2,2,25,2,2,-2,-2,-2,-2,1614,-40,-40,-40,-40,1153,40,0,0,0,1193,17,0
21777,1,210000,2,2,2,25,-1,-1,-1,0,0,0,2785,461,6472,83589,73689,64854,461,13966,80000,2326,2272,3661,0
21788,1,210000,2,1,1,26,1,2,-1,-1,-1,2,5589,2687,3746,5000,5618,3618,14,4062,5005,5618,0,1354,0
21806,1,200000,2,1,2,26,-2,-2,-2,-2,-2,-2,5337,2322,7458,1086,25643,35237,2322,7471,1086,25643,35237,7678,0
21815,1,180000,2,2,2,26,1,-2,-1,-1,-2,-2,0,0,1000,0,0,0,0,1000,0,0,0,0,0
21823,1,180000,2,3,2,26,-1,2,-1,2,2,-2,1728,1539,2703,1650,0,0,0,2703,0,0,0,0,0
21834,1,100000,2,2,1,27,2,0,0,0,0,2,101429,79254,80910,83072,87774,90579,2833,2929,3500,6100,4367,0,1
21841,1,50000,2,2,2,24,1,2,3,2,2,2,16455,17885,18305,18708,19105,19653,2000,1000,1000,1000,1000,1000,0
21843,1,270000,2,2,1,26,0,0,0,0,0,-1,22804,11496,12273,12014,10597,31182,1496,2273,2014,597,31182,82615,0
21859,1,150000,2,3,2,26,0,0,0,0,0,0,21081,7985,7315,11295,10413,16745,2200,2500,6023,5000,6745,2155,0
21866,1,60000,2,2,2,26,1,2,0,0,-2,-2,47963,36871,3800,0,0,0,0,1038,0,0,0,0,0
21879,1,120000,2,1,2,24,0,0,0,0,-1,-1,3377,4644,8528,8200,3488,1161,2500,5000,1000,3488,1161,5036,0
21893,1,180000,2,2,1,27,0,0,0,0,0,0,117703,116372,115445,112938,109306,104106,4171,4200,4000,3789,3959,3300,0
21903,1,80000,2,1,1,27,-1,-1,-1,-1,-2,-2,494,329,4724,0,1054,0,329,4750,0,1054,0,4252,0
21919,1,70000,2,2,1,24,0,0,0,0,0,0,8193,7569,8127,8838,8736,10753,1122,2127,2000,1736,2753,2177,0
21920,1,50000,2,2,1,25,0,0,0,0,0,0,59010,57593,56203,54794,53509,52021,2039,2015,2000,2100,2000,2100,1
21961,1,50000,2,3,2,28,3,2,2,7,7,7,2350,2400,2400,2400,2400,2400,50,0,0,0,0,0,1
21966,1,300000,2,2,2,28,0,0,0,0,0,0,327724,325970,325020,319750,265136,262378,11250,11877,10487,7831,8092,7634,0
21969,1,120000,2,2,1,28,-2,-2,-2,-2,-2,-2,1613,136,0,0,0,0,136,0,0,0,0,0,0
21971,1,200000,2,2,1,28,0,0,0,-1,0,0,5733,4426,3559,22458,20888,17875,2023,2018,22491,7521,2000,3000,0
21974,1,50000,2,2,2,24,0,0,0,0,0,0,26735,26994,28331,27138,26499,27301,1500,1798,1605,966,1247,1500,0
21985,1,30000,2,3,2,28,-1,-1,-1,-1,-1,2,8432,25460,557,1299,600,450,25460,1000,1306,600,0,11961,0
22004,1,230000,2,1,2,29,-2,-1,2,-1,-1,-1,3764,10943,6588,4571,2526,5375,11142,1430,4571,2526,5375,3133,0
22016,1,70000,2,1,2,25,0,0,0,0,2,2,35871,37174,37904,40651,39697,42253,1902,1632,3379,0,3200,0,0
22017,1,30000,2,2,1,26,0,0,0,0,2,0,20105,21419,22278,24423,19985,15021,1650,1506,2651,0,2044,550,0
22032,1,300000,2,1,2,28,0,0,0,0,-1,-1,10291,19617,19326,10662,10162,10250,19326,10000,1940,10200,10500,10000,0
22033,1,50000,2,2,2,28,0,0,0,0,0,0,10051,14149,21514,25359,30400,39678,5000,10000,5000,5780,10000,10000,0
22037,1,250000,2,1,2,28,0,0,0,0,-1,0,45687,31114,21867,13190,27817,22001,5000,1585,3028,27817,0,0,0
22050,1,250000,2,2,1,29,0,0,0,-1,-1,-1,227762,191424,18016,15353,325,325,35018,1000,20000,325,325,318,0
22057,1,50000,2,2,1,29,1,2,0,0,0,0,26293,25492,19680,19271,19659,19915,0,1609,2000,1000,715,883,0
22063,1,130000,2,2,2,28,0,0,-1,0,0,0,131630,65325,2315,101035,82288,86788,3600,2315,100000,3500,8000,4000,0
22078,1,50000,2,1,2,29,0,0,0,0,0,0,8838,7662,40125,37552,22960,14735,6540,37130,2858,3000,1000,5000,0
22083,1,90000,2,1,2,28,0,0,0,2,2,2,38355,39413,41181,41701,44000,45651,1700,2404,1500,3000,2500,600,0
22104,1,240000,2,2,1,29,0,0,0,0,0,0,187431,186968,187967,187731,188603,185252,8200,8000,8000,7025,6500,7000,0
22125,1,80000,2,2,2,26,3,2,2,2,2,2,45088,46040,46998,47929,46860,51931,2000,2000,2000,0,6000,0,1
22132,1,20000,2,5,2,22,1,2,0,0,0,0,11871,11375,10620,11355,11209,11299,0,1265,1000,244,500,500,0
22151,1,500000,2,2,2,29,-2,-2,-2,-2,-2,-2,902,0,0,0,0,0,0,0,0,0,0,19440,0
22158,1,210000,2,1,2,29,1,-1,-1,-2,-1,-1,-12,2425,-12,-12,5884,0,2437,0,0,5896,0,89886,0
22192,1,210000,2,1,2,31,-2,-2,-2,-2,-2,-2,0,0,4811,2994,14321,5193,0,4811,2994,14327,5193,2723,0
22205,1,350000,2,2,2,25,0,0,2,0,0,0,327915,342405,344459,351335,143291,98042,20000,9000,15076,5000,4000,4000,1
22215,1,80000,2,2,1,27,0,-1,-1,-1,-1,-1,20417,3061,7920,2830,3092,2315,3082,7932,2838,3112,2333,0,0
22217,1,30000,2,1,2,27,0,0,0,0,0,0,30342,29337,29956,29782,27290,27865,1500,1485,2000,1000,1014,4413,1
22218,1,150000,2,1,2,26,0,0,0,0,0,0,205467,195764,197085,202517,56898,58262,6000,6000,6000,5000,2000,2000,0
22220,1,500000,2,1,2,29,0,0,0,0,0,0,36051,30912,33740,15272,17015,18740,2065,25099,2000,2000,2000,2000,0
22229,1,200000,2,2,2,31,-1,2,2,-1,-1,-1,3707,3347,0,665,2846,6586,0,16550,665,2846,6586,3807,1
22231,1,50000,2,3,2,31,-1,3,2,-1,2,0,780,780,390,2724,2183,2638,0,0,2724,0,1004,2032,0
22251,1,60000,2,2,2,25,0,0,0,0,0,0,7885,9244,11082,12133,16891,17615,1500,2000,1242,5000,1000,700,1
22260,1,100000,2,2,1,31,0,0,0,-2,-1,-1,95160,94327,0,0,2743,1782,2000,0,0,2743,1782,0,0
22265,1,260000,2,2,1,31,0,0,0,0,0,0,82156,83083,85346,87620,89566,91502,3611,3712,3800,3500,3400,3100,0
22268,1,220000,2,1,2,30,0,0,0,0,-1,-1,22959,37955,25741,17875,14639,27042,20066,1318,1102,14710,28087,1174,0
22290,1,90000,2,2,2,31,0,0,0,0,2,2,22259,23418,24443,26695,25967,26946,1838,1408,2660,0,1400,2000,1
22294,1,200000,2,2,1,29,0,0,0,0,0,0,74566,73700,73624,73928,72060,72393,3213,3304,3815,3004,3006,4012,0
22300,1,200000,2,1,2,29,1,-2,-1,-1,-2,-1,0,0,35063,0,0,5799,0,35063,16720,0,5799,0,1
22303,1,390000,2,2,2,30,0,0,0,-1,-1,0,35169,17147,3350,4710,80474,80330,1070,1226,4710,83756,3100,3100,0
22318,1,590000,2,1,2,31,1,-1,-1,-1,-1,0,-154,240,244,-1469,925,3319,1000,1026,0,3000,3000,2271,0
22336,1,110000,2,1,2,29,1,2,0,0,0,0,113093,106321,107630,106354,79154,69988,3,4334,4250,2946,2506,2458,0
22338,1,200000,2,2,2,28,-1,-1,-1,-1,0,0,8837,9491,3632,7673,5830,6890,9690,3632,7673,2530,6000,6925,0
22343,1,290000,2,1,2,26,-1,-1,-2,-1,-1,-1,32126,10823,5248,32307,28492,1799,10884,5275,32563,29143,1809,11384,0
22365,1,100000,2,2,1,31,0,0,0,0,0,0,75818,76887,78178,79858,74785,54849,2745,2939,3500,3000,1989,1987,0
22397,1,130000,2,2,1,30,0,0,0,0,0,-1,106796,108673,104535,105349,105254,120756,4000,4000,6500,5400,124582,10000,0
22408,1,360000,2,2,1,30,0,0,0,0,0,0,20992,40125,44454,48382,51951,55957,20000,5000,5000,5000,5000,3000,0
22409,1,150000,2,3,1,28,0,0,0,0,0,0,146325,140902,131798,115350,105770,111850,5125,10104,10017,4000,15000,8000,0
22422,1,20000,2,2,1,34,1,2,2,2,0,0,17970,17389,20491,19803,19734,19613,0,3700,0,1000,2000,710,0
22434,1,100000,2,3,1,36,2,0,0,2,0,0,99298,101972,115335,112016,112906,120101,5220,16608,0,4233,9200,21000,1
22451,1,80000,2,2,2,38,0,0,0,0,0,0,17816,18095,17374,14298,12259,10498,3000,2000,1000,2000,2000,2000,0
22454,1,180000,2,1,1,44,0,0,0,2,0,0,123100,125674,145212,141409,142861,166960,6102,23200,0,5295,26550,6045,0
22458,1,50000,2,3,1,49,0,0,0,0,0,0,46970,36260,29311,27932,28274,27605,3005,2000,2000,2000,1000,2000,0
22505,1,260000,2,2,2,33,-1,-1,-1,-1,-1,0,5188,12357,28656,7497,7685,15434,13000,29022,7500,27769,12000,6200,1
22512,1,160000,2,2,1,40,0,0,0,2,0,0,137930,137695,146193,139323,140719,143638,6574,12121,0,5100,10251,5205,0
22521,1,40000,2,3,1,40,1,-1,2,2,2,-2,-531,2661,3871,1488,0,0,3383,2000,0,0,0,431,1
22524,1,280000,2,1,2,37,-1,2,-1,-1,-1,-1,2560,2343,4689,2289,1700,803,0,4689,2300,1725,803,129,1
22528,1,120000,2,3,2,47,-1,0,0,-1,-1,-1,7301,4542,3390,460,338,679,2327,1083,500,350,700,500,0
22539,1,300000,2,1,1,31,-1,-1,-1,2,-1,-1,17641,2749,27838,4184,856,6781,2765,28773,0,856,6781,8462,0
22551,1,50000,2,3,1,35,3,2,2,2,0,0,34440,32823,34699,30869,29890,29719,0,3511,0,1045,1066,1134,0
22586,1,60000,2,2,2,31,0,0,0,0,0,2,59426,59643,61279,61017,30117,29526,2800,3200,2535,2331,0,1073,0
22595,1,130000,2,2,1,41,0,0,0,0,0,0,104898,103920,102270,96440,85065,85105,4714,4553,4203,3000,3100,3500,0
22621,1,20000,2,2,1,43,4,4,3,2,2,2,28447,27721,27009,27170,26295,34171,0,0,924,0,9648,2000,1
22622,1,130000,2,2,2,44,0,0,0,0,0,0,128854,111896,116183,115034,88163,87388,4000,6097,4085,3007,3028,3000,0
22623,1,60000,2,1,1,36,0,0,0,2,2,2,4373,5428,9754,7795,8258,8370,1131,4457,37,500,300,0,0
22629,1,20000,2,2,1,42,1,3,2,0,0,0,21001,20372,19376,20295,19505,19964,0,0,1400,390,459,241,0
22631,1,200000,2,5,1,41,1,-2,-1,-1,-2,-1,0,0,650,0,0,89,0,650,0,0,89,0,0
22648,1,60000,2,2,1,47,2,2,2,2,0,0,26782,29104,30027,28928,29346,29717,3400,2000,0,1500,1300,3500,1
22666,1,140000,2,3,1,33,0,0,0,0,0,0,136302,127178,78950,80457,41150,-10193,6000,5000,4000,2000,0,71000,0
22678,1,180000,2,1,2,33,-1,-1,-1,-1,-1,-1,4019,1550,4278,331,3456,11964,1550,4278,334,3456,11964,5690,0
22679,1,470000,2,1,1,42,0,0,0,0,0,-1,10360,7450,5719,1730,-7,24672,2474,1751,1012,0,24679,2600,0
22686,1,210000,2,2,1,30,-1,2,-1,-1,-1,-1,857,1030,380,705,705,705,725,380,705,705,705,705,0
22743,1,310000,2,2,2,37,0,0,0,-1,-1,-2,68430,72280,77097,7636,0,0,5000,7097,7636,0,0,2039,0
22746,1,360000,2,2,2,31,0,0,0,0,0,0,49011,62438,77461,79025,75556,63097,15000,20000,3500,2300,5000,5000,0
22750,1,210000,2,3,1,41,-2,-2,-2,-2,-2,-2,16486,15725,18210,10784,41477,6879,15728,18213,10784,41477,6879,9498,0
22751,1,350000,2,1,1,32,-1,-1,-2,-2,-2,-2,30625,60003,7147,9950,22117,4874,60396,7147,9950,22117,4874,0,1
22777,1,260000,2,1,2,29,0,0,0,0,0,0,267336,264929,234214,169096,117873,79782,11000,9800,6000,4088,3000,3000,1
22780,1,350000,2,1,1,41,-2,-2,-2,-2,-2,-2,5037,14994,3101,17321,-22,4443,15069,3116,17414,0,4465,9434,0
22785,1,90000,2,3,1,46,-2,-2,-2,-2,-2,-2,316,10758,10613,316,316,316,10758,10613,316,316,316,316,0
22786,1,190000,2,2,1,39,0,0,0,0,-1,0,180201,181443,155045,95145,86025,87836,7000,7000,3100,92101,3200,4300,1
22824,1,100000,2,2,2,41,-1,-1,-2,-1,0,0,1023,0,0,50063,22767,23399,0,0,50063,900,1000,1000,0
22826,1,50000,2,1,2,31,1,-2,-2,-2,-2,-2,0,0,0,0,0,0,0,0,0,0,0,0,1
22828,1,400000,2,3,1,42,-1,-1,-1,-1,-1,-1,44198,10132,16932,13088,28540,11860,10132,16932,13088,28540,11860,3978,0
22833,1,100000,2,1,2,34,0,0,0,0,0,2,66193,63155,50385,31371,54713,28347,3413,5010,10005,30326,0,20000,0
22859,1,30000,2,3,1,33,0,0,2,2,2,0,39577,39995,38049,35435,31976,29704,3800,1700,1100,0,1030,1000,1
22888,1,210000,2,1,2,36,-2,-2,-2,-1,-1,-1,14516,4895,5292,8866,16809,5794,4915,5292,8872,16876,5794,2415,0
22896,1,110000,2,2,1,27,1,2,2,0,0,0,110593,111679,108455,109392,78524,75745,4363,0,4012,3120,2800,3000,0
22897,1,280000,2,2,2,30,0,0,-1,0,0,0,21489,-86,4414,64183,61001,60601,5,4500,60000,1244,2000,4000,0
22898,1,100000,2,2,2,31,2,2,2,2,2,2,41052,42081,41131,43637,42635,45440,2000,0,3500,0,3500,2000,1
22917,1,300000,2,1,1,35,-1,-1,-2,-2,-2,-1,5345,0,0,0,0,477,0,0,0,0,477,348,0
22931,1,90000,2,2,1,33,0,0,0,0,0,-2,3817,8545,8961,11676,1189,0,5000,1285,3000,1189,0,8832,0
22946,1,240000,2,2,1,43,1,-2,-2,-1,0,0,0,0,0,12700,12500,26225,0,0,12700,0,13725,0,0
22961,1,180000,2,2,1,41,-1,-1,-1,-1,-1,-1,4351,11953,9380,3070,8263,12663,12069,9443,3262,8302,12668,5502,0
22976,1,160000,2,2,2,31,0,0,0,0,0,2,112878,118601,115874,111346,111553,108434,8000,5014,4500,11781,0,4000,0
23003,1,60000,2,3,2,40,-1,-1,-2,-2,-2,-2,728,0,0,0,0,0,22,10785,0,0,0,0,0
23018,1,300000,2,2,2,43,0,0,0,0,0,2,36062,37055,38354,39634,21597,481,1897,2196,2476,3439,0,1248,0
23023,1,280000,2,1,2,36,-1,-1,-1,-1,-1,-1,4126,7001,12984,-5,1411,5654,7065,13046,5,1416,5654,6055,0
23029,1,210000,2,2,1,45,0,0,0,0,0,0,203273,188955,183774,152509,136376,131656,6515,7113,6011,4471,4513,4261,0
23035,1,210000,2,2,1,40,-2,-2,-1,-1,-2,-2,2245,1789,4292,2388,4090,2375,1794,4326,2395,4102,2382,2614,0
23076,1,360000,2,1,1,32,0,0,0,0,0,0,317024,313710,299059,281436,274358,270877,11200,12112,11500,9600,10005,9651,0
23080,1,170000,2,2,2,47,0,0,0,0,0,0,34804,35525,36948,38031,38698,39524,1600,2000,2000,1600,1600,1700,0
23089,1,70000,2,2,1,37,0,0,0,0,2,0,66447,66759,68200,72972,71248,50610,2391,2518,5950,0,1782,1985,1
23109,1,60000,2,1,1,28,0,0,0,0,0,2,46233,47263,48696,50385,52045,52661,2100,2500,2500,2500,1600,1500,0
23123,1,490000,2,2,2,33,0,0,0,0,0,0,58308,64927,60011,49409,39945,49932,10000,8160,7000,2000,37000,3000,0
23137,1,250000,2,5,1,33,0,0,0,0,0,0,211084,211577,202346,203132,201230,199820,6934,7000,8975,7043,8000,10000,0
23139,1,120000,2,1,2,34,0,0,0,-1,-1,-1,8113,8796,12210,3095,0,2873,2000,5312,3095,0,2873,0,0
23144,1,100000,2,2,1,32,0,0,0,0,0,0,98908,60868,60652,58338,56849,45744,2749,4800,2000,2000,2000,2000,0
23147,1,290000,2,3,2,47,-1,-1,-1,-1,0,0,1163,6619,0,28974,7524,0,6650,0,28974,0,0,0,0
23168,1,260000,2,1,1,36,0,0,-1,-1,0,0,10942,7045,246,7156,7164,3677,3000,246,7178,5164,1209,1209,0
23170,1,320000,2,2,1,37,2,2,2,2,2,2,289260,297888,304025,308421,315291,310339,14500,12001,10500,13000,1,120021,0
23183,1,250000,2,2,1,45,-1,0,0,0,-1,-1,3233,13244,12462,8977,1503,96834,12716,12158,8777,1503,96834,2204,0
23185,1,140000,2,2,1,37,0,0,0,0,0,0,137545,136820,128445,125049,119402,123055,6206,6100,6330,4400,8700,0,0
23201,1,170000,2,2,2,48,0,0,0,0,0,0,24953,24334,25558,24580,24855,26123,2000,2000,1400,1000,2000,2000,0
23211,1,110000,2,2,1,43,1,2,2,2,2,2,100987,101941,98364,103189,99578,104412,4600,0,8500,0,7700,3900,0
23238,1,210000,2,1,2,42,-1,-1,-1,-1,-1,-2,4131,24255,7838,7139,-320,-320,24255,7862,7146,0,0,32000,0
23239,1,50000,2,2,1,37,0,0,0,0,0,0,50664,49163,49811,49978,20062,20259,3000,2500,2000,1102,2000,2900,0
23242,1,20000,2,1,2,37,1,-2,-2,-1,-1,-2,0,0,0,1004,0,0,0,0,1004,0,0,0,0
23244,1,140000,2,3,1,39,0,0,0,0,0,0,127896,131764,134654,138303,119845,122457,7500,6500,7500,5000,4700,5228,0
23265,1,540000,2,1,2,37,0,0,-1,-1,-1,0,4696,6579,1464,-2800,13916,12517,2033,1485,16,20016,2016,2019,0
23291,1,130000,2,2,2,45,-1,0,0,0,0,0,131221,128161,128884,124514,67739,69614,10006,5069,3634,2476,3019,2394,0
23304,1,50000,2,2,2,25,0,0,0,0,0,0,37034,37698,37252,38254,38445,39273,1586,1624,1626,1377,1448,1399,0
23313,1,300000,2,4,1,31,-2,-2,-2,-2,-2,-2,0,0,0,0,0,0,0,0,0,0,0,0,0
23320,1,130000,2,2,2,31,0,0,0,0,0,0,95292,97544,99208,102946,103750,105818,4600,4000,5300,3700,3600,3700,0
23325,1,270000,2,1,1,42,-1,-1,-1,0,0,0,1870,0,8091,8350,8350,0,0,8091,1000,0,0,0,0
23352,1,50000,2,1,2,27,-1,-1,-2,-1,0,0,6018,0,0,6085,6085,5605,0,0,6085,0,0,6690,0
23359,1,110000,2,2,2,40,0,0,0,0,0,0,96950,93571,86595,81077,77747,78913,3255,3056,2802,2813,4000,3500,0
23375,1,70000,2,2,1,31,0,-1,0,0,-1,0,9319,3652,5284,5950,5296,5713,3652,2284,3000,5296,2000,2625,0
23399,1,180000,2,2,1,32,-1,2,-1,-1,-1,-1,3305,1649,1473,1473,2705,1473,0,1473,1473,2705,1473,1473,0
23409,1,50000,2,2,2,48,1,4,3,2,2,2,10024,9723,9427,9075,10037,12503,0,0,0,1000,0,264,0
23415,1,600000,2,2,1,38,1,2,2,2,0,0,51072,49889,39635,35130,33229,32171,0,4000,0,1500,2000,3000,0
23458,1,80000,2,3,1,41,-1,-1,-1,-1,-1,-1,3526,10129,6100,6420,606,7228,10129,6100,6434,606,7228,14387,0
23460,1,360000,2,2,1,40,-1,-1,-1,-1,-1,0,4343,725,4268,2085,26896,18455,725,4268,2085,13448,7455,4759,0
23479,1,110000,2,1,2,32,-1,0,0,0,0,0,3610,15427,19563,21994,21994,8391,12000,5000,3000,3000,2000,1000,0
23480,1,100000,2,2,2,31,0,0,0,0,0,0,91344,92309,94421,97486,97604,97241,3309,4421,5486,3400,3541,3894,1
23483,1,50000,2,2,1,30,-1,-1,-2,-2,-2,-2,1500,0,0,0,0,0,0,0,0,0,0,0,1
23484,1,20000,2,2,1,31,0,0,0,0,0,0,13080,10911,18890,11026,5863,3273,1500,2000,2000,1000,1000,0,0
23491,1,120000,2,1,2,33,-1,-1,-1,-1,-1,2,332,332,538,3160,2928,2596,332,538,3160,100,0,2959,1
23505,1,100000,2,1,2,33,-2,-2,-2,-2,-2,-2,3417,7366,12146,752,5931,7855,7400,12146,752,5931,7855,3966,0
23508,1,170000,2,1,2,32,-1,-1,-1,-1,-1,-1,13880,6367,9351,22222,20437,8744,6593,9361,22222,20437,8744,3620,0
23509,1,200000,2,1,2,31,-1,2,2,-2,-2,-2,450,450,0,0,0,0,0,0,0,0,0,0,0
23521,1,200000,2,2,1,36,-2,-2,-2,-2,-2,-2,0,0,0,0,0,0,0,0,0,0,0,0,0
23551,1,150000,2,2,1,35,-2,-2,-2,-2,-2,-2,-10,8846,6731,0,1800,0,8856,6731,0,1800,0,0,1
23564,1,200000,2,5,1,39,-2,-2,-2,-2,-2,-2,500,0,0,0,0,0,0,0,0,0,0,0,0
23575,1,150000,2,2,2,37,-2,-2,-2,-2,-2,-2,0,0,596,22131,0,1596,0,596,22131,1980,1596,4617,0
23588,1,160000,2,1,2,39,-2,-2,-2,-2,-2,-2,0,300,0,0,821,0,300,0,0,821,0,0,0
23601,1,170000,2,2,1,40,-1,-1,-1,-1,-1,-1,17914,1253,4427,1459,24511,1163,1253,4427,1459,24511,1163,2821,0
23602,1,240000,2,2,1,41,-2,-2,-2,-2,-2,-2,5366,-34,6911,611,2631,4583,0,6945,614,2634,4606,6242,0
23637,1,450000,2,1,1,39,-2,-2,-2,-2,-2,-2,8494,24178,5307,118852,11489,26518,25128,5318,118877,11489,26518,3575,0
23647,1,470000,2,2,2,43,-2,-2,-2,-2,-2,-2,5631,404,-3,-3,352,0,404,0,0,355,0,2090,0
23658,1,400000,2,1,1,37,0,0,0,0,0,0,229714,222726,162828,131433,126929,122492,11477,8000,4553,3600,3546,3864,0
23660,1,120000,2,2,1,32,0,0,0,0,0,0,111441,113869,116110,111978,112822,114969,5596,5498,5500,4000,4300,5012,0
23665,1,30000,2,3,2,47,2,2,2,0,0,2,11652,12461,11970,12981,14077,14367,1300,0,1214,1310,660,0,1
23673,1,130000,2,2,3,48,-1,-1,-1,2,0,0,1778,0,109,109,109,0,0,109,0,0,0,0,0
23719,1,600000,2,1,1,53,-2,-2,-2,-2,-2,-2,84300,27446,0,0,6677,83034,27446,0,0,6677,83034,0,0
23724,1,50000,2,3,1,53,0,0,0,0,0,0,48549,49180,48521,8731,8777,9261,2277,2290,1500,1000,1000,2000,1
23725,1,70000,2,3,2,52,0,0,0,0,0,0,103570,105991,67243,67533,28653,29253,3500,2777,1751,969,1004,938,0
23739,1,80000,2,2,1,49,0,0,0,0,0,0,83888,83503,82265,81974,81253,78343,3900,3000,3500,3200,3800,3300,0
23759,1,500000,2,2,1,52,0,0,0,0,0,0,588000,277559,288835,281810,273700,269552,17559,36500,20000,36000,20000,80013,0
23760,1,140000,2,3,1,50,-1,2,-1,-1,-1,-1,845,845,1690,0,1690,0,0,1690,0,1690,0,845,1
23761,1,350000,2,5,1,49,1,-2,-2,-2,-2,-2,0,36011,8978,11925,8574,5417,36011,8978,11975,8574,5417,1828,0
23763,1,390000,2,1,1,48,1,-1,-1,-1,-1,-1,0,5660,3730,9526,0,2680,5660,3730,9526,0,2680,200,0
23766,1,150000,2,1,2,52,0,0,0,0,0,0,126810,58955,29332,36796,19912,23126,5000,13003,15000,11000,10000,3000,0
23780,1,180000,2,3,1,64,-2,-2,-2,-2,-2,-2,18084,1703,3681,21325,2228,856,1703,3697,21330,2228,1531,16934,0
23781,1,160000,2,2,1,60,-2,-2,-2,-2,-2,-2,16060,1605,4200,2461,0,0,1605,4200,2461,0,0,230,0
23795,1,310000,2,3,1,53,-2,-2,-2,-2,-2,-2,1126,2603,-6,1184,7883,193,2635,0,1190,7909,193,3189,0
23801,1,240000,2,1,1,55,-1,0,0,-2,-2,-1,80199,82300,0,0,0,21585,3900,0,0,0,21585,0,0
23809,1,30000,2,2,3,54,1,-2,-2,-2,-1,0,0,0,0,0,20363,20819,0,0,0,20363,784,4000,0
23813,1,200000,2,3,1,67,0,0,0,0,0,0,187610,188072,166668,159513,150852,151996,10000,17014,15019,15000,15000,10000,0
23835,1,280000,2,3,1,53,0,0,0,2,0,0,4866,4405,7322,7043,8932,9654,1200,3000,0,2000,1000,2000,0
23853,1,140000,2,2,1,58,2,2,2,2,2,2,68859,70428,71902,72924,72335,75508,3300,3200,2800,1200,4500,3000,1
23863,1,300000,1,1,2,30,-1,-1,2,0,0,-1,121,2175,774,2774,2774,14190,3204,0,2000,0,15000,2043,0
23873,1,230000,1,2,2,30,-1,0,-1,0,0,0,9125,7795,191795,192255,187755,187740,4000,191795,10000,8000,8000,8000,0
23874,1,80000,1,1,2,27,0,0,0,0,0,-1,74413,76817,74554,43727,16307,1755,7000,3000,1400,326,1755,0,0
23877,1,160000,1,1,2,29,1,-1,-1,-2,-2,-2,0,6285,0,0,0,0,6285,0,0,0,0,0,0
23904,1,20000,1,3,2,22,0,0,0,0,0,2,18306,18977,19328,19035,19262,12308,1287,1462,1522,1165,0,1000,0
23909,1,90000,1,2,2,25,0,0,0,0,0,0,79938,67857,66929,67797,47739,48163,3000,3000,3000,3000,2000,2000,0
23932,1,20000,1,2,2,22,0,0,2,2,2,2,18690,12289,5560,6310,7204,6943,3500,1000,1000,1000,0,1000,0
23937,1,50000,1,3,2,26,2,0,0,0,0,0,31708,32439,28302,13881,14376,15261,1700,2000,1500,1100,1500,2000,0
23945,1,20000,1,3,2,24,0,0,0,0,0,0,3724,5646,6808,14046,13924,16924,2000,1262,7500,278,3000,0,0
23952,1,50000,1,2,2,24,0,0,0,-1,0,0,52359,51158,3957,52522,31921,29265,2064,1053,53874,1009,934,719,0
23955,1,20000,1,2,2,24,0,0,0,0,0,0,10768,12087,13115,14190,14328,14629,1502,1530,1600,670,680,686,0
23981,1,50000,1,2,2,23,0,0,0,-1,0,0,51274,50474,49724,48437,18712,19129,4175,41000,51705,700,718,700,0
23993,1,50000,1,2,2,24,0,0,0,0,0,0,46521,47597,48799,41286,16764,16960,2150,2352,1239,717,585,589,0
24000,1,100000,1,1,2,26,0,-1,0,0,-1,0,1544,1049,2067,1944,389,1221,1100,1200,1000,500,1000,1000,1
24010,1,30000,1,1,2,24,0,0,0,2,0,0,6003,4912,6214,3311,4430,906,1440,2259,0,1500,425,895,0
24036,1,210000,1,2,2,27,1,-1,2,0,0,-2,0,628,232,1067,-27,-27,628,0,1000,0,0,0,0
24040,1,50000,1,1,2,27,2,2,0,0,0,0,51042,48878,47884,29506,3672,8346,0,2354,1410,1500,4900,700,1
24043,1,50000,1,1,2,27,0,0,0,2,2,0,35215,36227,37876,39984,39041,40110,1600,2234,3042,0,1700,2000,0
24055,1,310000,1,2,2,26,0,0,0,0,0,0,304091,309627,315544,309272,240119,235799,12805,13567,13203,8765,9643,9035,0
24063,1,80000,1,2,2,27,1,2,0,0,-2,-2,83062,81150,82150,0,0,0,0,3800,0,0,0,0,0
24069,1,50000,1,2,1,25,0,0,0,0,0,0,26339,27699,28513,29341,29928,29533,1800,1565,1393,980,994,1024,0
24112,1,500000,1,2,2,28,0,0,0,0,0,0,33758,33048,45422,46483,39598,40622,1626,13000,2100,37000,1234,3512,0
24124,1,50000,1,1,2,29,-1,-1,-1,-1,-1,-1,759,360,360,360,360,360,360,360,360,360,360,360,0
24132,1,60000,1,1,2,25,0,0,0,0,0,0,55656,58740,59257,56229,46624,36594,4041,2227,14682,1634,2024,978,0
24152,1,50000,1,1,2,27,0,0,0,0,0,0,47189,48182,49479,49704,19380,18653,1778,2075,1300,700,677,691,0
24161,1,220000,1,1,2,28,0,0,0,0,0,0,150544,155328,156136,158416,161212,156790,12000,6000,6000,6000,6000,12000,0
24192,1,20000,1,3,1,30,0,0,-1,-1,-1,-2,16925,12216,1179,1536,-301,-301,1000,1179,1536,0,0,0,1
24195,1,220000,1,2,2,29,-1,-1,-1,-1,-1,-1,326,326,326,326,326,322,326,326,326,326,322,646,0
24200,1,220000,1,3,1,30,2,-1,-1,-1,-1,-1,780,390,0,780,0,780,390,0,780,0,780,390,1
24207,1,200000,1,3,2,27,-1,-1,0,0,0,0,4484,192047,191248,191678,182676,181568,195316,7019,7493,5275,5786,20031,0
24209,1,50000,1,2,2,23,0,0,0,0,0,2,16252,17275,18392,19170,20555,20102,1600,1700,1400,1689,0,900,0
24253,1,180000,1,1,2,32,2,2,0,0,0,0,220901,207382,201883,196524,192243,186537,0,7820,7000,7000,5000,6000,1
24277,1,320000,1,1,2,31,-2,-2,-2,-2,-2,-2,4445,4959,4000,3992,1590,-10,4984,4121,4012,1598,0,0,0
24286,1,30000,1,2,1,32,0,0,0,0,-1,0,28729,28305,16084,4432,24621,25073,2000,2000,2000,26100,1000,1100,0
24302,1,110000,1,1,2,29,-1,-1,0,0,0,0,750,71015,72517,72537,55600,72442,71022,5000,5000,5000,22000,5000,0
24303,1,100000,1,1,2,31,2,2,2,2,2,2,93975,95030,96611,97947,95602,77323,3500,4000,4005,600,2400,2900,1
24307,1,280000,1,2,2,30,0,0,0,0,0,0,29161,14908,237367,233819,198890,189064,1282,233836,6935,5931,19157,5905,0
24323,1,280000,1,3,1,44,0,0,0,0,0,0,295786,305529,311081,313242,151292,152318,15000,10472,11334,10010,6000,200000,0
24332,1,290000,1,2,1,49,0,0,0,0,0,0,193650,127336,125088,123694,123518,124246,4126,4304,4000,5000,4100,4500,0
24362,1,360000,1,2,1,37,1,-2,-2,-2,-2,-2,0,0,0,0,0,0,0,0,0,0,0,0,0
24388,1,320000,1,1,1,40,-1,-1,-1,-1,-1,-1,8240,8240,8240,8240,15273,16106,8240,8240,8240,15273,16106,9690,0
24389,1,490000,1,1,1,39,0,0,-1,-1,0,0,189460,16769,2310,48409,296319,181627,16405,2324,25053,280695,17398,160111,0
24408,1,260000,1,2,2,32,-1,-1,-1,-1,-1,-1,1198,1198,1198,1198,1198,1198,1198,1198,1198,1198,1198,1198,1
24415,1,360000,1,2,1,40,-1,-1,-2,-1,-1,-1,12663,0,0,2455,6447,0,0,0,2455,6447,0,0,0
24427,1,150000,1,1,1,40,-2,-1,-1,-1,0,0,0,1003,1003,35206,36003,16854,1003,1003,35206,2000,18158,189000,0
24446,1,140000,1,1,3,41,0,0,0,0,0,0,130138,132726,135494,136679,130812,67349,4756,4912,3781,2500,3000,2700,1
24453,1,290000,1,1,2,31,0,0,0,0,0,0,124626,115239,113494,100847,80295,82085,3900,4864,5000,2792,3000,2642,0
24482,1,220000,1,2,2,31,1,2,0,0,0,0,224244,210290,179645,166753,82058,20650,0,6800,6640,4100,1100,0,1
24502,1,100000,1,2,2,32,-1,2,-1,-1,-1,-1,4080,2271,4100,7980,0,9487,0,4107,7980,0,9487,8333,0
24507,1,30000,1,2,2,32,-1,2,2,2,2,2,17578,17988,20374,20738,22253,24748,1000,3000,1000,2170,3000,0,0
24513,1,280000,1,1,2,36,-2,-2,-2,-2,-2,-2,198,1979,500,55176,5950,289,1979,500,55176,5950,289,6757,0
24514,1,290000,1,1,1,40,0,0,0,0,0,0,97193,98441,95169,93718,89712,82809,6000,4000,4250,5000,3241,3500,0
24519,1,20000,1,3,2,46,0,0,0,2,3,5,7790,9985,12001,13978,15932,17572,2500,2500,2500,2500,2500,2500,0
24527,1,500000,1,1,1,32,0,0,0,0,0,0,305575,231984,228765,185694,179853,178763,9824,10910,7239,5576,6717,6128,0
24532,1,50000,1,2,1,36,0,0,0,0,0,0,47599,48542,49691,49172,9957,10044,2000,2200,1148,500,500,376,1
24535,1,360000,1,1,1,38,-2,-2,-2,-2,-2,-2,0,0,0,0,0,0,0,0,0,0,0,0,1
24607,1,290000,1,3,1,41,-1,-1,-1,-1,0,0,7488,5795,9562,21312,16875,13881,5807,9569,21336,5020,3013,12278,0
24622,1,310000,1,1,2,38,-2,-2,-2,-2,-2,-2,995,988,993,993,1495,995,993,1005,1000,1502,1000,1000,0
24630,1,80000,1,1,1,47,-1,-1,-1,-1,-1,-1,2001,2338,5655,1670,3096,4590,2338,5655,1676,3096,4590,5598,1
24631,1,200000,1,3,1,43,0,-1,-1,-1,0,0,1243,1435,1270,3783,2522,1261,1453,1270,4000,0,0,1436,0
24643,1,300000,1,2,2,30,-1,-1,0,0,0,-1,18468,60489,63982,124493,16367,41338,61200,45153,102749,186,45079,40000,0
24649,1,430000,1,1,1,39,0,0,0,-1,-1,0,41428,32303,20739,12925,17566,14067,17800,15023,12925,17566,11000,10349,0
24682,1,400000,1,1,2,34,0,0,0,0,0,0,26912,24967,13810,18230,25050,10209,10016,6000,10000,10000,5000,4000,0
24704,1,180000,1,1,1,37,1,-2,-2,-2,-1,0,0,0,0,0,2201,2201,0,0,0,2201,0,0,0
24713,1,20000,1,2,1,40,1,2,0,0,0,2,8201,8912,10110,10817,11637,11307,1000,1500,1180,1000,0,1000,1
24724,1,30000,1,1,1,35,1,2,2,2,-1,0,18829,19223,20599,15642,23789,20562,1000,2014,6,25700,800,1989,1
24730,1,80000,1,3,1,49,0,0,0,0,-2,-2,77985,80886,82150,0,0,0,4200,3800,0,0,0,0,0
24736,1,180000,1,2,2,38,-1,-1,-1,-1,-1,-1,9409,10395,5382,3155,1877,4673,10423,5393,3159,1881,4678,1353,0
24740,1,240000,1,2,1,39,0,0,0,0,0,0,215013,220938,213460,217816,222214,227174,9600,7800,7907,8021,8610,8084,0
24746,1,160000,1,1,1,43,-1,-1,-1,-1,-1,2,238,0,237,-300,300,150,0,237,0,600,0,234,0
24748,1,210000,1,2,1,37,1,-1,-1,-1,-1,-1,0,650,325,325,325,325,650,325,325,325,325,325,1
24761,1,30000,1,2,2,35,-1,2,2,-1,-1,-2,780,390,0,780,0,0,0,0,780,0,0,0,1
24777,1,210000,1,1,1,44,0,0,0,0,0,0,126113,107216,88039,83304,77605,70260,5002,5030,10008,10017,10000,10000,0
24779,1,300000,1,1,2,42,-2,-2,-2,-2,-2,-2,161772,111664,123854,0,0,0,114402,127180,0,0,0,0,0
24783,1,360000,1,2,1,44,-2,-2,-2,-2,-2,-2,1824,1740,0,0,1499,4001,1740,0,0,1499,4001,203,0
24787,1,230000,1,1,1,38,-1,-1,-1,-1,-1,-1,1088,2444,2905,4868,2870,3085,2451,2911,4882,2878,3085,950,0
24796,1,120000,1,2,1,48,-1,-1,-1,-1,-1,-1,13544,2671,14940,41990,1493,36186,3000,15928,43000,1493,36200,27277,0
24803,1,140000,1,2,2,26,0,0,0,0,0,0,21513,23147,24766,25782,27348,30820,2000,2000,1434,2000,4100,0,0
24806,1,20000,1,3,2,36,-1,-1,-1,-1,-1,-1,416,0,832,0,832,1486,0,832,0,832,1486,0,0
24824,1,130000,1,1,1,31,0,0,0,0,-2,-2,26528,22567,23167,0,0,0,1400,1000,0,0,0,0,0
24831,1,20000,1,3,2,43,0,0,0,0,0,0,12648,14126,15162,17891,18590,19286,2000,1271,3000,1000,1000,1000,0
24833,1,170000,1,3,1,45,0,0,0,0,0,0,114625,117364,119552,111404,113635,98411,6305,6000,6000,3854,5000,8000,0
24834,1,300000,1,2,1,41,0,0,0,0,0,0,66132,67445,68856,69392,70798,72252,2412,2496,1678,1702,1746,1772,0
24836,1,360000,1,1,1,39,-1,-1,-1,-1,-1,-1,396,396,396,396,396,846,396,396,396,396,846,396,0
24842,1,370000,1,2,2,36,0,0,0,0,2,0,47269,43531,59801,53925,30534,23618,2000,20000,8000,0,1000,0,0
24862,1,330000,1,2,1,38,0,0,0,0,0,0,179935,177959,175259,153562,157072,158516,8000,6000,5600,6000,6000,6000,1
24878,1,120000,1,1,2,32,0,0,0,0,2,0,120792,87675,122177,120667,47880,49629,20137,50053,29377,0,30000,984,0
24880,1,310000,1,2,1,40,-1,0,0,0,0,0,12295,13440,30944,31594,30454,29246,2000,20000,2000,2000,2000,210759,0
24881,1,90000,1,2,1,36,0,0,0,-2,-2,-2,24489,23303,12957,4755,9176,10376,1527,12957,4755,9296,1200,0,0
24884,1,350000,1,1,2,29,0,0,0,0,-2,-2,16476,21256,25750,0,0,0,5000,5000,0,0,0,0,0
24887,1,110000,1,2,1,42,0,0,0,0,0,-1,108227,107529,108483,73177,51043,60581,4200,4306,1662,1170,60604,5000,1
24894,1,260000,1,1,1,39,0,0,0,0,0,0,5992,7000,8024,9185,9384,9426,1116,1140,1301,500,341,343,0
24895,1,500000,1,1,2,40,-1,-1,-1,0,-1,-1,2594,1184,17740,36657,2631,26231,1190,17840,36639,2644,26363,35908,0
24912,1,120000,1,1,2,33,0,0,0,0,0,0,8578,6492,8268,6672,11724,4642,5502,7921,5700,10834,4000,3500,0
24915,1,360000,1,1,1,34,-1,-1,-1,-1,-1,-1,6878,49190,38497,14342,17098,4546,49190,38610,14350,17098,4546,6229,0
24927,1,50000,1,2,2,44,1,2,0,0,0,0,15323,14780,15889,16650,18535,18924,0,1354,1115,2000,520,600,1
24951,1,50000,1,2,1,35,1,2,0,0,2,0,45442,44411,45596,48089,46790,46982,0,1900,3300,0,1558,1833,0
25005,1,50000,1,3,1,49,0,0,0,0,0,0,48584,49070,50076,48995,19780,15102,2000,5000,2305,3000,559,3000,0
25009,1,20000,1,3,1,50,1,5,4,5,4,3,18378,17797,19225,18644,18063,17491,0,2000,0,0,0,0,0
25021,1,160000,1,3,1,61,-1,-1,-1,-1,0,-1,390,390,390,780,390,390,390,390,780,0,390,390,0
25030,1,300000,1,3,1,56,0,0,0,0,0,0,282506,281606,261216,156521,120769,110093,20024,20035,6610,20000,4000,4200,0
25044,1,150000,1,2,1,52,2,2,2,2,2,0,131953,136386,140830,146050,142241,145559,8100,8100,9000,0,5578,5304,1
25048,1,360000,1,2,1,58,-1,-1,-1,-1,-2,-1,30155,10508,7575,3026,1133,3408,10541,7600,3049,1138,3414,24952,1
25058,1,130000,1,2,2,54,0,0,0,0,0,0,89913,90555,93576,95121,64712,66016,3300,5000,4500,2400,2600,2600,0
25059,1,130000,1,3,2,49,0,0,0,0,0,-1,20678,18956,16172,16898,11236,6944,1610,1808,7014,27,7011,4408,0
25067,1,60000,1,2,1,51,0,0,0,0,0,0,60114,54902,46956,40671,38188,38652,1902,1650,3200,1500,1500,1500,0
25069,1,350000,1,3,1,65,-1,-1,-1,-1,-1,-1,188,188,187,698,188,183,188,187,700,188,183,1305,0
25085,1,500000,1,1,1,51,1,2,2,0,0,0,231300,235865,230713,235401,238828,243477,9838,0,10018,8845,8800,9000,0
25086,1,50000,1,2,1,49,0,0,0,0,0,0,48321,48890,30272,31080,15315,15238,1839,1640,1901,526,537,577,1
25110,1,50000,1,3,1,50,2,0,0,0,0,0,8917,10080,11106,12109,12206,13915,1468,1494,1497,594,2066,0,1
25116,1,50000,1,2,1,56,0,0,0,0,0,0,28358,25278,24713,22379,18943,15464,1416,1471,1147,531,464,451,0
25122,1,160000,1,1,1,51,2,0,0,0,2,2,150,1380,1481,2623,2457,4912,1230,1331,2473,0,2500,0,1
25136,1,250000,1,3,1,56,-1,-1,-1,-1,-1,-1,6297,8636,17038,5169,12818,2328,8657,23744,5169,14008,2328,17285,0
25147,1,500000,1,1,1,54,2,2,2,0,0,0,518950,539418,519267,518741,516139,514975,39000,0,19000,19000,18000,15000,1
25149,1,150000,2,3,2,28,0,0,0,0,0,0,100623,101593,101886,101441,100829,101913,4700,4000,4032,3410,4000,3665,0
25171,1,10000,2,2,2,21,-1,-1,2,0,0,0,8126,8830,8898,9517,8505,4557,1668,1000,1000,170,0,0,0
25176,1,50000,2,2,1,22,1,1,2,2,2,2,44531,50863,49555,34644,28867,28983,7178,0,1656,944,967,1112,0
25179,1,10000,2,1,2,22,0,0,0,0,0,0,7302,7857,8827,5622,5877,7036,1330,1300,1250,500,1255,315,0
25196,1,20000,2,2,2,23,1,-1,2,0,0,0,16674,19162,18534,18304,18473,0,22362,0,8200,369,0,0,0
25221,1,10000,2,1,2,24,1,2,0,0,2,2,6779,6524,7559,9564,9264,9862,0,1300,2300,0,900,500,0
25224,1,40000,2,1,2,23,-1,2,2,2,2,2,14310,13788,16345,16531,16467,16061,0,3100,750,500,0,1500,0
25231,1,30000,2,1,2,24,0,0,0,0,0,0,21540,22236,23574,24583,24915,25280,1358,1696,1705,1037,915,929,0
25243,1,40000,2,1,2,26,-1,-1,-1,0,0,-1,1216,776,4059,13522,16416,807,776,4385,10000,5000,807,657,0
25248,1,60000,2,2,2,23,1,2,0,0,0,0,59866,58114,25127,21111,15892,16762,0,3761,1600,881,900,852,0
25255,1,210000,2,3,2,25,0,0,0,0,0,0,118408,120176,118191,104908,95946,118796,8600,5000,4000,3000,29066,5000,1
25270,1,80000,2,2,2,25,0,0,0,0,0,0,77440,78418,78015,79571,80121,77304,3500,3000,3500,3000,3000,3000,0
25272,1,80000,2,2,2,25,0,0,0,0,0,0,80115,77427,77657,70105,39751,14765,75004,3096,1887,1081,2044,0,0
25279,1,80000,2,3,2,27,0,0,0,0,0,0,54184,24393,25924,16558,17280,17652,1500,2000,1300,1000,650,1000,1
25294,1,70000,2,2,2,22,0,0,0,0,0,0,72473,72189,71867,64534,33683,32857,3500,3427,3100,1200,1700,1307,0
25301,1,50000,2,1,2,25,0,0,0,0,0,0,9162,9818,7161,8377,8789,8813,1500,2000,1500,1000,500,500,0
25315,1,50000,2,1,2,25,0,0,0,0,0,0,44984,47217,47748,46987,47462,48104,3000,3000,2000,2000,1859,3000,0
25320,1,200000,2,2,2,27,0,0,0,0,0,0,157768,108932,110405,90226,88789,92188,6000,5000,10000,5000,5000,5000,0
25328,1,200000,2,2,1,29,1,2,0,0,0,2,57982,55005,54742,54401,42923,40365,0,2200,1671,3000,0,4600,0
25367,1,80000,2,1,2,25,0,0,0,0,0,0,40764,41765,42251,46475,48156,50419,2000,1776,5000,3000,5000,2500,0
25374,1,80000,2,2,1,27,1,2,2,2,2,-1,3970,1603,3740,2000,0,2096,0,2191,0,0,2096,0,1
25376,1,80000,2,1,2,27,0,0,0,0,0,0,78178,77637,73966,71447,66994,66813,3437,3300,3050,5000,2700,2300,0
25381,1,90000,2,2,1,27,0,0,0,0,0,0,91367,64482,32037,14589,10237,10066,2121,1357,1037,243,244,226,0
25404,1,20000,2,2,1,28,0,0,0,0,0,0,6064,7076,8169,8956,8956,0,1120,1213,1000,0,0,0,0
25406,1,150000,2,1,2,27,-1,3,2,-1,-1,-1,942,616,290,326,740,17481,0,0,362,740,17481,1000,1
25409,1,50000,2,1,2,27,0,0,0,0,-2,-2,45190,45277,44941,0,0,0,5277,4941,0,0,0,0,0
25416,1,70000,2,3,1,30,2,2,2,2,2,2,55352,56448,57550,58008,58957,60367,2600,2600,2000,2500,2500,2400,1
25431,1,160000,2,1,2,27,0,0,0,2,2,0,97375,112373,119017,104417,62975,53299,20000,10000,3017,0,3000,2000,0
25454,1,140000,2,1,2,28,0,0,3,2,2,0,47547,55621,54174,54599,53124,54393,9532,0,1900,0,2124,2427,1
25457,1,280000,2,2,1,27,0,0,0,0,0,0,280913,283222,273160,257689,193231,191143,11052,9563,15017,5374,5420,6021,0
25458,1,80000,2,3,1,25,0,-1,-1,-1,-1,-1,3525,1504,0,2332,4320,0,1654,0,2332,4320,0,0,1
25521,1,210000,2,1,2,33,1,-2,-2,-2,-2,-2,0,0,0,0,0,0,0,0,0,0,0,0,0
25536,1,360000,2,1,2,35,-1,-1,-1,-1,0,0,1475,13466,17584,17354,37703,22490,14200,17631,17741,25203,10000,216,0
25558,1,100000,2,3,1,46,0,0,2,2,0,0,80402,86137,84998,85627,78245,79929,8000,1100,3000,3000,3100,3100,0
25560,1,280000,2,2,2,28,0,0,0,0,0,0,119587,122015,130286,130705,132964,136400,4411,10282,3006,2659,3436,1000,0
25565,1,450000,2,1,1,39,-1,-1,-1,-1,-1,0,3664,4587,4562,5001,39243,25512,4595,4562,5001,39292,0,62597,0
25567,1,290000,2,2,2,25,0,0,0,0,0,0,78719,71559,66658,68627,61578,59274,2510,2500,3000,3000,3000,3000,0
25573,1,70000,2,2,2,41,0,0,0,0,0,0,72593,72526,70138,51781,29117,29264,4000,36500,2300,1500,2000,3000,1
25583,1,140000,2,2,1,34,-1,0,0,0,0,0,56702,53584,54794,55951,57103,58210,3000,3000,3000,3000,2500,2500,0
25598,1,230000,2,3,1,43,-2,-2,-2,-2,-2,-2,416,1099,2508,976,416,416,1099,2508,976,416,416,416,0
25618,1,270000,2,1,2,31,-1,-1,0,-1,-1,0,173,2254,3679,4065,3975,8195,2254,1522,4065,4056,81,83,0
25621,1,70000,2,1,2,29,0,0,0,0,0,0,66330,68278,69181,69494,63275,57430,3049,2621,3032,2074,2000,1800,0
25704,1,20000,2,1,2,29,1,-1,-1,-1,-1,-1,0,2494,3967,1364,600,0,2494,3967,1370,600,0,0,0
25714,1,110000,2,2,2,33,0,0,0,0,0,0,103195,102713,103034,103112,94403,96072,5200,3804,4500,3400,3500,7700,1
25718,1,140000,2,2,1,46,0,0,0,0,0,0,82497,83206,85862,86676,88948,54312,2978,3997,3140,3707,2104,1946,0
25739,1,180000,2,1,2,34,0,0,0,0,0,2,85129,88701,91356,94820,100740,99015,5000,5000,5000,7500,0,6000,1
25750,1,130000,2,3,1,43,0,0,0,0,0,0,126965,130067,129385,96775,98071,97743,6739,5540,4403,3814,3562,4021,1
25763,1,260000,2,1,1,31,0,0,-1,0,0,0,33142,34048,55117,57782,184810,171006,2000,56714,4100,160000,7000,7000,0
25764,1,320000,2,1,1,38,2,2,-2,-2,-2,-2,2500,0,0,0,0,0,0,0,0,0,0,0,1
25767,1,330000,2,1,1,31,0,0,0,0,0,0,132514,137347,391478,142842,143257,144783,10000,65042,12000,5000,6000,6000,0
25774,1,280000,2,2,2,42,0,0,0,0,0,0,272190,266459,228907,234179,180684,184319,9910,9000,9329,7000,6511,5500,0
25782,1,450000,2,2,2,42,-1,-1,-1,-1,0,-1,182,885,1099,2998,2757,623,889,1104,2999,68,626,688,0
25790,1,150000,2,1,1,35,-1,-1,-1,-2,-1,-1,3003,2688,3125,9643,4383,2225,2698,3137,9643,4395,2229,3041,0
25799,1,260000,2,1,1,32,-2,-2,-2,-2,-2,-2,0,0,0,0,0,1150,0,0,0,0,1150,0,1
25806,1,100000,2,1,2,28,-2,-2,-2,-2,-2,-2,-177,-207,1050,0,0,0,0,1257,0,0,0,0,0
25810,1,240000,2,1,2,28,-2,-2,-2,-2,-1,0,5623,181,1133,0,39344,40264,181,1133,0,39344,1500,1540,0
25823,1,420000,2,2,1,46,0,0,0,0,0,0,254275,249677,232028,233055,191518,192313,10004,11020,10238,10022,7000,6000,0
25838,1,60000,2,2,2,31,2,2,2,2,0,-1,57880,56355,59327,35305,17655,77775,0,4058,34,3000,40793,4952,1
25852,1,100000,2,3,1,43,2,2,0,0,0,0,100304,97814,100337,100585,52041,70731,0,5000,2623,2500,32000,2567,1
25879,1,200000,2,2,2,34,2,2,2,2,2,2,71817,73376,71672,76004,74225,78193,3300,0,6100,0,5300,3500,1
25882,1,450000,2,2,2,34,-2,-2,-2,-2,-2,-2,3752,513,0,4376,0,0,513,0,4376,0,0,0,0
25886,1,290000,2,2,1,30,0,0,0,0,0,0,284054,283149,284434,275889,218834,220695,10222,11019,9019,8010,8002,8001,0
25891,1,360000,2,3,1,30,1,-1,-1,-1,-1,0,-16,1621,458,0,282,282,1637,458,0,282,0,0,0
25896,1,340000,2,1,2,31,0,0,0,0,0,0,112119,119230,259489,328507,283758,273018,25000,150000,90168,25001,10000,11000,0
25899,1,90000,2,2,2,32,0,0,0,0,0,0,86076,87567,78646,79212,54659,55902,3012,3100,3116,2000,2100,2100,0
25902,1,240000,2,2,1,36,0,0,0,0,0,0,232031,226221,222929,215858,210887,205828,8193,9000,6600,6400,6382,5994,0
25915,1,150000,2,1,1,33,-2,-2,-2,-2,-2,-2,-3,-3,-3,-3,-3,-3,0,0,0,0,0,698,0
25932,1,390000,2,2,2,36,0,0,0,0,0,0,112528,102596,91761,76756,65520,52904,3669,3277,3220,2236,2007,1600,0
25948,1,430000,2,2,2,29,-2,-2,-2,-2,-2,-2,2548,12020,2539,2250,0,2580,12082,2539,2250,0,2580,171,0
25968,1,170000,2,2,2,37,1,-1,-1,-1,0,0,0,213,2592,13199,3685,986,213,2592,13204,0,986,0,0
25981,1,320000,2,2,1,44,-2,-2,-2,-2,-2,-2,-6,650,2849,1060,3667,1627,656,2849,1060,3667,1627,1102,0
25995,1,230000,2,1,1,42,1,-2,-2,-2,-2,-2,6087,16041,29977,5608,0,0,16050,29989,5608,0,0,0,0
25999,1,50000,2,3,2,30,0,0,0,0,0,0,48134,52136,19758,5520,5204,4703,5261,1132,2138,172,200,168,0
26002,1,110000,2,2,1,31,-1,2,2,-1,-1,-1,832,832,416,416,416,416,416,0,416,416,416,416,1
26008,1,100000,2,2,2,31,0,0,0,0,0,2,99259,76288,77919,79597,88685,87773,2750,2854,3000,10400,600,4254,0
26011,1,400000,2,2,1,39,-2,-2,-2,-2,-2,-2,52306,3638,11649,24140,5803,5937,3656,11713,24265,7832,5966,9363,0
26037,1,400000,2,2,2,32,0,0,0,0,0,0,234779,240496,247813,253726,258120,10002,5784,7395,7506,6000,2000,2000,0
26040,1,230000,2,1,2,33,-2,-2,-2,-2,-2,-2,5869,11556,156,2403,1546,7915,11556,156,2403,1546,7915,0,0
26056,1,130000,2,1,2,26,-2,-2,-2,-2,-2,-2,1016,0,0,0,402,0,0,0,0,402,0,2054,0
26084,1,210000,2,2,1,44,-2,-2,-2,-2,-2,-2,0,4098,0,0,0,0,4098,0,0,0,0,0,1
26109,1,100000,2,1,1,27,1,2,0,0,0,0,77346,75513,77147,78200,78393,72214,0,3451,3000,2841,2620,2500,1
26122,1,380000,2,1,1,36,-2,-1,-1,-1,-1,2,3744,20334,8499,53235,101439,34579,20498,8549,53471,101785,117,32347,1
26128,1,200000,2,3,1,44,1,-2,-2,-2,-2,-2,0,0,0,0,0,0,0,0,0,0,0,0,1
26149,1,80000,2,2,2,36,2,2,2,0,0,0,82177,89893,80774,80082,78545,76742,10096,0,3800,3125,2783,3000,1
26150,1,250000,2,1,2,39,-1,-1,-1,2,2,2,12368,1742,40292,39600,21304,1185,1742,39600,7,1185,0,54416,0
26164,1,200000,2,2,1,27,0,0,0,0,0,0,157222,160320,162140,165431,168726,172430,7200,5888,5990,6031,6415,6301,0
26210,1,280000,2,2,2,27,1,-2,-2,-1,-1,-1,0,0,0,479,2463,1457,0,0,479,2477,1467,574,0
26231,1,270000,2,3,1,47,-1,-1,-1,2,2,-2,123,123,123,123,0,0,123,123,0,0,0,0,1
26236,1,160000,2,3,2,32,-1,-1,-1,-1,-1,-1,1375,3503,2688,2142,7139,1872,3645,2688,2142,7139,1872,10573,1
26260,1,10000,2,3,1,33,1,-2,-2,-2,-2,-2,0,0,0,0,0,0,0,0,0,0,0,0,0
26281,1,70000,2,1,2,43,3,2,2,2,0,0,56994,57964,59452,57771,44043,45175,2500,3000,17,2000,2000,2000,0
26303,1,160000,2,2,2,44,0,0,0,0,0,0,118809,125323,170449,96739,126139,154884,10000,50000,20000,30000,30000,5000,0
26313,1,290000,2,1,1,33,-2,-2,-2,-2,-2,-2,0,0,0,0,0,0,0,0,0,0,0,0,1
26319,1,100000,2,2,1,41,-2,-2,-2,-2,-2,-2,0,0,0,0,0,0,0,0,0,0,0,0,1
26344,1,130000,2,1,2,29,-2,-2,-2,-2,-2,-1,0,0,0,0,0,62043,0,0,0,0,62043,16533,0
26362,1,120000,2,1,1,35,-1,-1,-1,-1,-1,-1,525,2458,8067,802,2706,3597,2458,8152,802,2706,3597,1400,0
26363,1,90000,2,2,1,35,-1,0,0,-1,-1,-1,5488,2380,0,1700,1700,0,1000,0,1700,1700,0,1664,0
26374,1,240000,2,2,1,43,-1,-1,-2,-1,-1,-1,54,0,0,177,199,559,0,0,177,200,559,0,0
26381,1,210000,2,2,1,41,-1,0,-1,-1,-1,-1,13340,42862,9584,7978,6728,6728,42000,9600,7978,6728,6728,6728,0
26392,1,450000,2,2,1,41,0,-1,0,-1,-1,-1,104624,28114,19758,12518,18328,14879,28114,1424,12518,18328,14879,34744,0
26401,1,360000,2,1,1,46,0,0,-1,0,0,0,58389,42094,10594,31532,46342,56571,20000,10600,30000,20000,15000,10000,0
26403,1,100000,2,1,1,37,0,0,0,0,0,0,68760,70113,71567,72410,73846,75556,3095,3181,2628,2640,2897,3600,0
26404,1,250000,2,1,2,38,-1,-1,-1,-1,-1,-1,14766,990,8150,15410,1276,0,990,8150,15410,1276,0,0,0
26417,1,210000,2,1,1,47,0,0,0,0,0,0,202503,173232,117125,212656,107808,63049,7082,6000,6000,5000,3000,6000,0
26439,1,50000,2,3,2,49,0,0,0,0,0,0,39803,37595,23250,26293,21508,20971,5007,1602,10002,5000,2000,2000,0
26442,1,360000,2,1,2,49,1,-2,-2,-2,-2,-2,0,0,0,0,0,0,0,0,0,0,0,0,1
26446,1,200000,2,2,1,49,1,-2,-2,-2,-2,-2,-5,728,0,0,0,0,733,0,0,0,0,0,1
26449,1,50000,2,2,2,52,0,0,0,0,0,0,33743,22989,15843,16825,14637,15397,2000,1400,2000,5000,1000,1000,1
26450,1,200000,2,1,1,50,-1,-1,-1,-1,0,0,2119,1662,2482,19272,22388,21105,1662,2482,19272,10004,10000,3471,0
26470,1,20000,2,3,1,51,0,0,0,0,0,0,13184,14200,16958,19651,37332,19225,1242,3000,3000,3772,1420,729,0
26474,1,230000,2,3,1,53,0,0,0,0,0,0,38723,39347,37571,38924,40027,41277,2001,2000,2000,2000,2000,2000,0
26476,1,120000,2,2,1,52,1,2,0,0,0,0,123184,117849,120471,117218,116871,122192,0,6100,5700,4500,9000,4700,1
26479,1,240000,2,1,1,50,-2,-2,-2,-2,-2,-2,498,-2,497,-3,-3,-3,0,499,0,0,0,0,0
26480,1,30000,2,2,1,54,0,0,0,0,0,-1,33494,32978,32415,30324,31124,25502,2506,2430,1300,1000,34436,950,1
26497,1,190000,2,2,1,55,-1,-1,-1,-1,-1,-1,6637,6476,14501,1190,3705,1049,6476,14915,1190,3705,1049,10160,0
26502,1,180000,2,3,1,61,0,0,0,0,0,0,20554,21560,22587,23599,24069,24573,1353,1380,1392,862,892,1000,1
26518,1,80000,2,1,1,48,-1,-1,-1,-2,-2,-1,1198,1150,0,0,0,7685,1150,0,0,0,7685,0,1
26531,1,60000,2,3,1,55,3,2,0,0,0,0,74786,71575,63821,63719,63807,57482,0,9400,2271,2425,2087,2142,1
26532,1,30000,2,6,1,59,0,0,0,0,0,0,30419,28221,29016,7946,8114,8382,1481,1276,1132,300,400,370,0
26538,1,390000,2,1,2,53,-2,-2,-1,-1,-2,-2,450,1540,690,0,0,0,1540,690,0,0,0,717,0
26554,1,300000,2,1,1,51,0,0,0,0,-2,-2,143121,147527,148925,0,0,0,8269,6825,0,0,0,0,0
26580,1,50000,2,2,1,51,2,2,2,2,3,2,15902,17328,18746,20623,20019,19227,2000,2000,2500,0,0,1000,0
26597,1,20000,1,2,1,27,0,0,0,0,-1,0,19339,20187,17592,14588,624,19945,1500,1295,1200,624,19563,628,0
26612,1,50000,1,2,2,23,1,2,0,0,-1,0,52319,51185,51334,49312,8027,8603,0,3200,3110,32356,700,1700,0
26615,1,20000,1,2,2,23,3,2,2,-1,2,2,18781,13255,0,20358,18044,20325,0,0,20358,0,2577,0,0
26642,1,80000,1,1,2,23,-1,-1,-1,-1,0,0,444,444,444,888,888,444,444,444,888,444,0,1038,0
26649,1,170000,1,2,2,26,0,0,0,0,0,0,145354,143279,87885,84534,74758,78633,8000,3500,4000,4000,6000,0,1
26660,1,50000,1,2,2,25,0,0,2,2,-1,-1,47077,48872,16012,14228,19546,19473,2800,0,1644,63965,705,798,0
26670,1,200000,1,1,2,33,0,0,0,0,0,0,66471,67010,67627,68085,69445,71242,2387,2485,2414,2434,2863,3000,0
26671,1,70000,1,2,2,25,0,0,0,0,0,-2,60719,61607,68091,69028,-61372,79256,2500,7500,3182,25200,102000,12152,0
26674,1,20000,1,3,2,27,0,0,0,0,2,2,13621,14984,16431,18835,18235,19535,1596,2000,3000,0,1600,0,0
26704,1,360000,1,1,2,29,-2,-2,-2,-2,-2,-2,6001,5868,-1,592,-8,-8,5874,1,593,0,0,0,0
26709,1,50000,1,1,2,25,-1,0,0,0,0,0,45626,16533,10745,9994,16829,13051,3000,9537,5000,10000,5000,2000,0
26719,1,20000,1,2,2,23,0,0,0,0,0,0,13422,14886,15927,11939,10782,12599,2000,1667,2309,2000,2000,2000,0
26728,1,160000,1,2,2,24,0,0,0,0,0,0,77838,76054,73992,73246,71321,141494,3300,3275,3000,3000,3000,3500,0
26737,1,80000,1,2,2,27,1,2,2,2,2,2,53576,52128,56657,57340,55823,58260,0,6000,2200,0,3500,3500,1
26748,1,50000,1,1,2,29,-1,-1,-1,-1,-1,-1,2159,1956,5592,10676,671,9826,1961,5608,11906,673,9855,7627,1
26750,1,60000,1,2,2,27,2,0,0,2,0,0,58598,56486,60877,56138,56806,57935,2632,5924,0,2200,2200,2290,1
26780,1,50000,1,2,2,29,1,2,2,0,0,2,12460,13489,12987,13699,15868,15474,1530,0,1234,2403,0,711,0
26806,1,300000,1,1,2,27,-2,-2,-2,-2,-2,-2,0,0,0,0,0,0,0,0,0,0,0,0,0
26822,1,110000,1,1,2,29,0,0,0,0,0,0,106698,104546,100272,92615,92657,93364,6000,4800,4300,3600,3500,3600,0
26823,1,120000,1,2,1,29,-1,-1,2,-1,0,0,579,2718,1280,3783,2522,1261,3580,0,3822,0,0,1261,0
26862,1,340000,1,2,1,39,0,0,0,0,0,0,148624,109990,112515,114951,117849,120739,4000,4000,4000,4500,5000,1500,0
26871,1,90000,1,2,1,48,2,2,-2,-2,-2,-2,71900,0,0,0,0,0,0,0,0,0,0,0,1
26888,1,360000,1,2,1,36,0,0,0,0,0,0,338992,339254,348485,346028,338981,348032,15348,20013,20018,15000,20000,20000,0
26890,1,130000,1,2,2,33,2,2,3,2,0,0,20091,21459,20832,21386,22227,23466,2000,0,1200,1200,1600,1500,1
26897,1,10000,1,3,1,35,0,0,0,0,0,0,7536,8152,8779,9379,9565,9062,1136,1153,1143,329,418,180,1
26936,1,230000,1,1,1,38,-2,-2,-2,-2,-2,-2,0,0,0,0,0,0,0,0,0,0,0,0,0
26937,1,210000,1,2,1,44,1,2,0,0,2,0,89567,85552,86595,89689,85764,85830,0,4100,7200,0,3220,3300,1
26954,1,200000,1,2,1,44,0,0,0,0,0,0,71656,63331,54977,45849,32706,23542,1714,1602,1144,786,471,2300,0
26968,1,350000,1,1,2,32,0,0,0,0,0,0,43356,14236,16991,18541,20075,20491,2000,3000,2000,2001,580,677,0
26980,1,390000,1,1,1,47,-1,-1,-1,-1,-1,-1,5768,8843,18982,11700,0,2978,8875,19051,11754,0,2978,0,0
26993,1,80000,1,1,2,46,0,0,0,0,0,0,52674,58068,28116,30656,24750,25543,9000,7000,5004,3000,4000,5000,0
26994,1,180000,1,1,1,45,1,-2,-2,-2,-2,-2,0,0,0,0,0,0,0,0,0,0,0,0,0
26997,1,80000,1,1,2,34,2,2,2,2,2,2,61231,62423,63827,64682,65614,67007,2800,3000,2500,2600,2600,2600,1
27009,1,60000,1,2,2,39,0,0,2,0,0,0,58538,61359,58147,59399,37746,37794,6000,0,2500,1316,1401,3000,0
27013,1,500000,1,1,1,43,0,0,0,0,0,0,124362,126860,129576,129863,120781,98163,4567,4787,4745,4256,3321,3326,0
27020,1,400000,1,1,1,43,-2,-2,-1,-1,-1,-1,-5,-5,5498,3259,5949,1111,0,5503,3262,5966,1111,2420,0
27051,1,280000,1,1,2,37,-1,-1,-1,-1,-1,-1,1695,5827,10190,2355,3612,586,6644,10200,2355,3612,4248,0,0
27063,1,290000,1,3,2,41,0,0,0,0,0,0,293281,268030,157691,158720,144085,143663,7948,22429,5530,4442,5887,5890,0
27090,1,150000,1,2,2,35,0,0,0,0,0,0,66662,61331,56523,56737,51005,47471,2116,2549,2406,2000,1655,2111,0
27095,1,190000,1,3,2,35,0,0,0,0,0,0,170928,170290,175630,171572,161319,151119,6500,8031,7510,5500,6000,5500,0
27102,1,300000,1,2,1,45,1,-1,0,0,0,0,114324,238058,236220,233586,234661,233304,244500,8613,8000,11000,8093,6399,1
27148,1,340000,1,1,2,38,-1,-1,-2,-2,-2,-2,9054,1868,1135,0,0,0,1868,1144,0,0,0,0,0
27149,1,240000,1,3,1,45,0,0,0,0,0,0,135367,135091,133047,132264,130372,133170,6300,4800,4737,4667,4900,4849,0
27158,1,90000,1,1,2,29,2,2,2,2,2,2,11512,12524,13523,13704,13882,14015,1500,1500,700,700,500,0,1
27165,1,50000,1,2,2,42,0,0,0,0,0,0,7217,8291,9649,10975,11292,11610,1200,1500,1500,500,500,500,0
27169,1,20000,1,1,2,29,0,0,0,2,0,0,13835,14897,17512,16926,17368,17959,1600,3170,0,1000,1000,3000,0
27176,1,180000,1,2,2,36,0,0,0,0,0,0,134496,136613,133557,129909,133043,133835,6600,6600,6000,6000,6000,5000,0
27196,1,310000,1,1,1,33,2,2,-2,-2,-2,-2,2500,0,0,0,0,0,0,0,0,0,0,0,1
27197,1,20000,1,3,1,48,-1,0,-1,-1,2,0,1522,1261,1261,2126,1573,1170,1000,1261,2126,0,0,150,1
27219,1,200000,1,3,2,31,0,0,0,-2,-1,0,6492,6069,-202,1201,1200,0,1050,0,1302,100,0,0,0
27245,1,310000,1,2,1,32,0,0,0,0,0,2,11416,15864,18599,21277,25896,25354,5000,3000,3000,5000,0,1000,0
27267,1,310000,1,1,1,45,-2,-2,-2,-2,-2,-2,8964,1168,6495,-16,-16,-16,1174,6527,0,0,0,0,0
27273,1,210000,1,1,2,33,-1,-1,-1,-1,-1,-1,10635,9921,2570,14722,11220,14800,10046,2570,14722,11220,14800,7250,0
27300,1,250000,1,1,2,32,-1,-1,-1,-1,-1,-1,55741,74048,29381,56372,34020,4575,74081,29403,56692,34055,4575,0,0
27304,1,120000,1,1,2,31,0,0,0,0,0,0,64670,68574,71849,74974,83137,51377,5000,5000,5000,10000,5000,5000,0
27314,1,310000,1,1,2,45,0,0,0,0,0,0,313268,278821,283847,290135,293350,300623,10010,11500,11015,11000,12000,23035,0
27326,1,50000,1,2,2,39,0,0,0,0,0,0,26842,23540,16980,16908,17327,17895,2500,2010,1500,1000,1000,900,0
27335,1,280000,1,2,2,31,0,0,0,0,0,0,136798,129735,118249,115422,114694,113047,4528,4340,3994,3968,4068,3966,0
27338,1,130000,1,3,1,44,0,0,0,0,0,0,124716,128924,131790,126031,99489,94722,6789,12206,6259,5105,3474,6002,0
27353,1,70000,1,2,2,30,1,-1,0,0,0,0,0,11609,13411,14470,18070,15000,11609,2000,1400,5000,300,4220,0
27373,1,120000,1,1,2,33,2,0,0,0,0,0,52053,52592,53748,54858,56445,58032,2000,2000,2000,2500,2500,2500,1
27407,1,50000,1,3,1,47,0,0,0,2,0,0,11752,13244,14722,15181,15928,16671,2000,2000,1000,1000,1000,1000,0
27415,1,180000,1,2,1,36,0,0,0,0,0,0,184661,183112,183172,183117,179277,183394,7000,7000,7000,6411,7000,7000,0
27426,1,350000,1,2,1,36,0,0,-1,0,-1,-1,32596,16666,32597,16666,16666,32809,1000,32597,1000,16666,32809,526,1
27462,1,300000,1,2,1,46,-1,-1,-1,-2,-1,0,1413,15393,-10,-10,7805,5738,15480,0,0,7815,28,6554,0
27465,1,70000,1,3,1,50,0,0,0,0,0,0,68725,70413,70004,38102,28931,29143,3220,2220,28931,1000,1050,1052,0
27472,1,360000,1,2,1,50,0,0,0,-1,0,0,221855,256171,-229,10527,9564,0,46000,0,10756,5035,0,0,0
27479,1,150000,1,3,2,51,-1,-1,-1,-1,-1,-1,3958,3146,2651,2465,4108,4703,3146,2659,2472,4116,4703,4708,0
27483,1,50000,1,1,2,54,2,0,0,0,0,0,9159,10474,10184,6279,7693,15083,1500,1508,1000,1500,1000,2000,0
27484,1,10000,1,3,2,56,2,2,0,0,0,0,10156,8570,6101,6711,7258,7777,0,1500,2000,2000,2000,2000,0
27499,1,500000,1,3,1,55,2,0,0,0,0,0,613860,512526,334227,145482,125936,91382,37300,11000,4500,4000,4000,100000,1
27500,1,20000,1,2,1,59,3,2,3,3,2,2,6015,7759,8486,8208,7930,8650,2000,1000,0,0,1000,0,1
27502,1,80000,1,6,1,54,0,0,0,0,0,0,61454,61808,62290,29296,26210,17643,2545,2208,1336,2232,542,348,1
27512,1,20000,1,2,1,55,0,0,2,0,0,2,10301,12871,12374,13392,14938,14557,2750,0,1231,1777,0,4859,1
27535,1,50000,1,2,1,56,0,0,0,-1,0,0,38111,37934,16816,602,712,822,2966,1000,602,500,500,500,0
27541,1,180000,1,3,1,65,0,-1,0,0,0,0,191309,174775,174702,176816,180911,123229,175100,7000,5000,5309,5288,3000,1
27544,1,50000,1,3,1,55,0,0,0,0,0,2,40247,41382,49943,50412,30970,30362,1800,9331,1500,4549,0,1092,1
27579,1,30000,1,2,2,60,0,0,0,0,0,0,23575,24582,25711,26614,26948,14648,1398,1527,1430,764,530,655,0
27591,1,300000,1,2,1,55,0,0,0,0,0,0,69994,71388,72886,74371,75854,77440,2552,2645,2696,2716,2809,2826,0
27599,1,190000,2,2,1,29,-2,-2,-2,-2,-2,-2,0,0,0,0,0,0,0,0,0,0,0,0,0
27607,1,60000,2,2,1,24,0,0,0,0,0,0,62786,61764,62254,59586,33190,32243,2212,3100,2000,1111,1122,1208,1
27628,1,20000,2,2,1,24,1,2,3,2,0,0,19242,21821,21197,20400,20000,20000,3200,0,0,0,0,0,1
27658,1,50000,2,2,2,23,2,0,0,0,0,0,49441,45880,42621,21734,18775,19590,1998,2198,1300,655,1100,654,0
27671,1,110000,2,2,2,23,2,0,0,-1,0,0,1587,2399,0,980,35305,36065,1000,0,980,35000,1327,1500,1
27677,1,200000,2,2,1,36,0,0,0,0,0,0,184697,186660,77221,110294,68214,72103,8001,5000,35000,6000,5000,5000,0
27698,1,140000,2,2,1,24,0,0,0,0,0,0,62755,64001,65341,66674,68003,69424,2285,2365,2413,2431,2514,3000,0
27714,1,50000,2,2,2,24,0,0,0,0,0,0,5819,8044,3469,2121,821,3821,2555,1200,1000,0,3000,0,0
27729,1,90000,2,2,2,23,0,0,0,-2,-1,0,28120,32429,0,0,2522,2575,5000,0,0,2522,94,111,0
27732,1,20000,2,1,2,24,0,0,0,2,0,0,19335,20094,19495,18845,19023,17928,1415,3600,0,700,4500,1900,0
27734,1,80000,2,1,2,24,1,2,0,0,0,0,2254,620,4220,8540,8540,8540,0,3600,4500,0,0,4932,0
27741,1,50000,2,1,2,25,0,0,0,0,0,0,50051,46768,48124,48171,19401,19412,1754,2500,1781,2000,695,1000,0
27785,1,230000,2,2,2,25,0,0,0,0,0,0,95544,95311,94489,93143,87654,90172,4200,4500,4114,3500,4000,3000,0
27814,1,50000,2,2,2,28,1,-2,-2,-2,-2,-2,0,0,0,0,0,0,0,0,0,0,0,0,0
27816,1,220000,2,1,2,26,0,0,0,0,0,0,29452,33967,41422,44738,51479,56653,5000,8000,4000,7500,6000,4494,0
27817,1,110000,2,2,2,25,-2,-2,-2,-2,-2,-2,-2628,-5118,31503,-2880,-5000,0,165,36621,1496,10000,5000,0,0
27837,1,70000,2,2,2,26,0,0,0,0,0,0,65229,66348,67292,67091,49303,49350,3000,3100,2400,2000,2000,2000,0
27848,1,60000,2,2,2,27,0,0,0,2,2,2,27921,29954,33166,33528,32690,34661,2500,3700,1200,0,2500,2500,0
27878,1,280000,2,2,2,29,-2,-2,-2,-2,-2,-2,190601,4987,651,3126,3707,11225,4987,651,3126,3707,11225,10482,0
27883,1,200000,2,1,2,28,0,0,0,0,0,0,7484,8273,13249,22319,17279,9853,2000,13000,10000,5000,5000,4000,0
27884,1,110000,2,2,2,28,2,2,2,0,0,0,105014,104574,94521,88833,82585,75992,9000,10,3917,2730,2770,2800,0
27891,1,360000,2,2,2,26,0,0,0,0,0,0,17084,17896,67507,68884,70406,71769,1400,50000,2502,2669,2650,2800,0
27892,1,50000,2,2,1,26,0,0,0,0,0,-1,49378,49744,40859,20706,-1166,19133,2500,1500,1206,0,20689,697,0
27900,1,150000,2,2,1,28,0,0,0,0,0,0,97069,100743,103528,105623,106583,108909,5300,5300,5300,4200,4200,4200,0
27902,1,340000,2,3,1,28,-1,-1,-1,0,0,-1,6780,3629,29052,50832,30272,11253,3629,29052,30000,5034,11253,86069,0
27925,1,130000,2,2,1,26,0,0,0,0,0,0,45563,46607,47329,45854,46822,47567,2100,1807,1800,1701,2002,1853,0
27933,1,140000,2,1,2,25,2,0,0,0,0,0,26623,28863,34049,36061,40003,45423,3000,6000,3000,5000,6000,5000,1
27938,1,120000,2,2,2,27,1,1,-2,-2,-2,-2,11238,0,0,0,0,0,0,0,0,0,0,0,1
27989,1,210000,2,2,1,30,0,0,0,0,0,0,107539,103234,47363,45810,42093,36587,3000,3018,2000,1500,1500,2000,0
28011,1,420000,2,2,2,29,0,0,0,0,0,0,267050,272606,278407,284777,301438,308571,10000,10200,11000,21500,12000,15000,0
28021,1,80000,2,2,1,29,2,0,0,0,0,0,80100,79368,81130,49407,49067,50234,3500,3700,1800,1900,3000,2000,0
28025,1,360000,2,3,1,32,0,0,0,0,0,0,227689,206249,182985,186047,188389,191907,7142,8200,7600,6200,6000,7000,0
28030,1,50000,2,2,1,34,-2,-1,0,0,0,0,50680,50655,50710,50503,40140,-21364,50702,2033,1776,2000,29000,59901,0
28031,1,50000,2,3,1,29,0,0,0,0,0,0,47194,48381,46777,39420,8824,9009,2002,2000,1530,1000,327,329,1
28037,1,100000,2,1,2,30,0,0,0,0,0,0,89242,91067,93409,95056,75688,77330,4200,4700,4500,3000,2900,2901,0
28066,1,380000,2,2,1,30,2,0,0,0,0,0,225995,231382,224420,136324,137929,114249,10382,8420,46777,4929,4249,5528,1
28088,1,120000,2,2,2,33,-1,-1,-1,-1,-1,-1,508,607,611,593,653,587,700,611,593,653,587,916,0
28111,1,220000,2,4,1,35,-1,-1,-1,-1,-1,-1,1849,326,12681,84674,35326,1026,326,12681,84674,35326,1026,3088,0
28130,1,10000,2,3,1,49,0,0,0,0,0,0,9807,9976,7538,9322,9567,9766,2114,1131,2155,1400,1354,428,0
28135,1,550000,2,1,2,44,0,-1,-1,0,0,-1,27093,30805,7451,16111,22819,80846,30820,7851,19751,29700,80987,36158,0
28139,1,330000,2,3,1,45,0,0,0,0,0,0,33369,34509,35406,34770,35468,36211,2000,1470,1374,1072,1113,2000,0
28153,1,200000,2,1,1,40,1,-2,-2,-2,-2,-2,2418,0,0,0,0,0,0,0,0,0,0,0,0
28159,1,320000,2,2,2,35,0,0,0,0,0,0,94561,96683,78479,71121,44698,53230,6085,3632,5010,7059,30018,59518,0
28163,1,210000,2,1,1,44,-1,-1,-1,-2,-2,-2,14993,1938,0,0,0,0,1938,0,0,0,0,0,0
28172,1,110000,2,2,1,48,0,0,0,0,0,0,108668,111162,107172,107629,106628,106903,4322,5369,4003,3806,4050,3672,0
28197,1,360000,2,2,1,40,-1,-1,-1,-1,-1,-1,29540,27930,692,41301,10889,2017,27930,692,41303,10893,2017,13894,0
28231,1,210000,2,2,2,32,-2,-2,-2,-2,-2,-2,0,0,980,0,0,0,0,980,0,0,0,238,0
28246,1,80000,2,2,2,32,1,2,0,0,0,0,113740,97093,85266,85871,47367,47812,0,3448,2383,1609,2000,2000,1
28261,1,260000,2,3,1,44,0,0,0,0,0,0,259346,234428,176632,129022,131447,135699,9428,6729,5022,4447,5699,5498,1
28289,1,20000,2,2,2,44,0,0,0,0,0,0,18578,19928,18677,18503,17231,15410,2000,2000,2000,1100,1586,506,0
28313,1,100000,2,1,2,29,0,0,0,0,0,0,70205,64898,62715,61465,55501,57892,4000,5030,10000,5000,10000,10000,0
28318,1,10000,2,2,1,29,0,0,0,0,0,0,6176,6512,7447,8777,8956,9731,1265,1200,1500,400,1000,273,0
28320,1,50000,2,2,2,27,1,2,2,2,2,2,11966,12967,13962,13440,14416,14043,1500,1500,0,1200,0,1500,0
28336,1,50000,2,3,1,41,0,0,0,0,0,0,46456,47445,48847,50065,17304,17824,1760,2162,2380,619,798,1000,0
28357,1,170000,2,2,2,43,0,0,0,0,0,0,136113,137722,139384,141314,139252,139205,7000,7000,7000,5100,5300,5030,0
28366,1,30000,2,2,1,38,-1,-1,2,-1,0,0,2828,4868,3963,4514,3129,675,3963,16,4527,675,0,1015,0
28424,1,210000,2,1,2,31,0,0,0,0,0,0,77830,68850,42884,23547,18574,12466,2555,2027,1045,1000,500,10000,0
28437,1,80000,2,3,1,45,-1,0,0,0,0,-1,19989,11904,10787,6226,1936,37201,1228,1156,1200,8,37201,591,0
28442,1,300000,2,1,1,40,0,0,0,0,0,0,121603,125098,94769,112777,100323,87009,30000,25000,50007,10000,20000,30363,0
28455,1,70000,2,2,2,36,0,0,0,0,0,0,68028,67864,59165,29314,28844,29443,3340,2044,1773,1181,1215,1297,1
28545,1,170000,2,2,1,35,0,0,0,0,0,0,96565,62524,88390,63470,55890,51650,30580,50000,24517,14243,7852,4835,0
28546,1,50000,2,2,2,39,0,0,-1,-1,0,0,25254,26366,510,16121,17539,19088,2000,510,16121,2000,2000,998,0
28553,1,260000,2,1,2,37,-1,-1,-1,2,-1,-1,1050,1050,2287,1050,1050,1050,1050,2287,0,1050,1050,2174,1
28557,1,30000,2,3,1,41,1,2,0,0,0,0,28041,23367,22843,23044,25082,25648,13,2003,2008,5000,1005,3016,0
28561,1,400000,2,1,2,46,0,-1,2,-1,0,0,2030,10520,6073,8591,6611,17080,10540,18,8591,0,10990,0,1
28568,1,20000,2,3,1,43,0,0,0,0,0,0,9540,11788,14137,16283,17108,18005,2422,2560,2426,1038,1116,1332,0
28582,1,10000,2,1,2,33,2,2,2,0,0,0,7486,9354,7183,7814,7814,7190,3000,0,1000,0,0,0,0
28589,1,450000,2,1,1,35,-1,-1,-2,2,-1,-1,403,0,0,390,390,390,0,0,390,390,390,390,0
28596,1,260000,2,3,1,41,0,0,0,0,0,0,264549,227021,233426,230319,127897,118868,10000,12007,9170,4853,4531,3909,0
28597,1,220000,2,2,2,45,-1,-1,-1,-1,-1,0,990,990,990,990,5538,5687,990,990,990,5538,1206,1204,0
28599,1,220000,2,1,1,38,1,2,2,0,0,0,171784,177468,173233,176859,182393,187446,10000,0,8000,10000,8000,12000,0
28600,1,290000,2,1,1,39,-1,-1,-1,-1,-1,-1,264,264,264,264,264,264,264,264,264,264,264,264,0
28602,1,200000,2,2,1,41,0,-1,-1,-1,0,0,6981,678,1287,54531,55229,56836,1000,1350,54531,2200,2500,2300,0
28606,1,30000,2,2,1,42,0,0,0,0,0,0,22943,47912,25023,25768,26410,27960,1700,1755,1500,1000,1909,1000,0
28611,1,70000,2,3,1,35,-1,-1,-1,-1,-1,-1,1473,1473,390,390,1311,1933,1473,390,390,1311,1933,0,0
28626,1,310000,2,1,1,31,-2,-2,-2,-2,-2,-2,0,0,24480,0,0,1635,0,24480,0,0,1635,3008,0
28640,1,100000,2,1,2,31,0,0,0,0,0,0,100296,97239,98386,69324,53183,53559,3703,4091,3403,2001,2004,2000,0
28641,1,150000,2,2,1,32,-1,-1,-1,-1,-1,-1,3267,3782,316,5469,3360,2399,3782,316,5469,3360,2399,4358,0
28666,1,140000,2,1,2,28,-1,-1,-1,-1,-1,0,31,1272,1446,2880,1914,968,2000,1500,3000,1914,0,3287,1
28670,1,140000,2,1,1,34,-1,-1,-2,-2,-2,-1,2574,0,0,0,0,840,0,0,0,0,840,1380,0
28689,1,50000,2,2,1,31,0,0,-2,-2,-1,0,4468,0,0,0,3251,3484,0,0,0,3251,274,500,0
28697,1,230000,2,2,1,34,2,-1,-1,-1,-1,-1,566,2329,1894,2528,1865,1496,2329,1894,2532,1865,1496,1873,0
28711,1,60000,2,2,1,39,0,0,0,0,0,0,32734,32234,32136,31204,30330,29934,1506,1881,1422,1021,1500,1056,0
28712,1,80000,2,1,2,44,0,0,2,2,3,2,41630,48893,47831,57000,55489,57450,8000,0,10000,0,3000,2500,1
28727,1,130000,2,2,1,40,0,0,0,2,0,0,54137,28019,29927,24555,24873,26583,2600,3500,498,3000,3300,3000,1
28739,1,240000,2,2,1,31,-1,-1,-1,-1,-1,-1,184,0,2500,12500,749,2829,0,2500,12500,749,2829,2900,0
28745,1,150000,2,1,1,30,0,0,0,0,0,2,114797,117393,120002,122013,131426,134676,4500,4500,4000,11000,5000,3500,0
28747,1,120000,2,1,1,32,-1,-1,-1,-1,-1,0,497,0,1085,193,1549,1549,0,1085,193,1549,0,787,0
28759,1,120000,2,2,1,31,0,0,0,0,0,0,45716,44610,45428,34401,34360,35523,2000,1732,2041,1000,1500,1000,0
28760,1,200000,2,2,1,33,0,0,0,0,0,0,15126,14633,14918,16992,8967,8494,3000,2000,5000,2000,1000,2000,0
28768,1,160000,2,2,1,41,0,0,0,0,0,0,13512,13453,13420,13873,13833,13818,1206,1329,1098,374,400,364,0
28774,1,120000,2,1,2,32,-1,2,0,-1,-1,-1,1192,696,1210,1799,1594,1255,0,1179,1799,1594,1255,1133,0
28789,1,220000,2,5,1,32,0,0,0,0,0,0,84942,56366,4252,6129,6423,7208,2500,1500,2000,500,1000,1000,0
28842,1,40000,2,2,1,37,0,0,0,0,2,0,5366,6541,16390,9891,9594,9798,1273,2000,3538,0,500,500,0
28865,1,200000,2,1,2,37,0,0,0,0,0,0,83000,62084,64610,60567,52122,50610,2500,5000,2509,2000,2000,2000,0
28928,1,230000,2,3,1,49,0,0,0,0,0,0,224985,188593,162143,165345,151047,147564,10000,8000,7000,10000,10000,8000,0
28934,1,200000,2,1,1,40,1,-2,-2,-2,-2,-2,0,0,0,0,0,0,0,0,0,0,0,0,0
28944,1,180000,2,2,2,34,0,0,0,0,0,0,18314,18630,19126,12939,6939,3439,2000,2000,1042,0,0,191,0
28982,1,110000,2,1,2,32,0,0,0,0,0,0,46603,48351,51815,47225,34975,43725,2536,5000,1653,1500,10000,1495,0
28992,1,160000,2,2,2,38,0,0,0,0,0,0,159637,155003,158156,153699,127366,117812,5580,5680,4950,4350,4300,4360,0
29016,1,140000,2,2,1,43,2,2,0,0,0,0,90632,88637,90859,92734,48461,49067,0,4200,4261,2182,1844,1652,1
29078,1,130000,2,2,1,52,0,0,2,0,0,0,50662,51562,47928,45456,42704,2552,4600,0,1500,0,2000,0,0
29088,1,140000,2,3,1,56,-1,-1,3,2,2,5,11106,13627,13125,14600,16066,17521,3000,0,2000,2000,2000,3000,0
29096,1,140000,2,1,1,56,0,0,0,0,0,0,136084,138468,93802,94531,96264,98135,6500,4300,3500,3600,3881,4200,1
29098,1,90000,2,3,1,50,0,0,0,0,0,0,91123,90056,88330,83948,82168,82304,3614,3223,3172,2743,3051,3081,0
29119,1,200000,2,3,1,49,2,-1,2,2,2,0,570,52439,51040,56205,54723,58657,52439,0,6000,0,5000,2286,1
29125,1,20000,2,3,2,56,0,0,0,2,0,0,11471,12188,15074,14426,14526,15026,1214,3100,0,500,500,0,0
29127,1,70000,2,3,1,53,2,0,0,0,0,0,70659,61100,62497,47581,48805,50018,3000,3200,2000,2000,2000,2000,1
29133,1,330000,2,1,1,58,-2,-2,-2,-2,-2,-2,880,2304,0,440,0,115,2304,0,440,0,115,0,1
29146,1,230000,2,3,1,70,-1,0,0,0,0,0,183500,147525,147391,149904,151816,103443,7000,5500,7000,6066,4000,5000,1
29154,1,20000,2,3,1,56,0,0,0,0,0,0,19774,14990,14071,15512,17081,21108,2009,2000,2000,2000,5016,11,0
29181,1,140000,2,2,1,60,2,2,0,0,0,0,113079,109796,112144,114789,115590,118221,0,5600,6000,4200,4500,4600,1
29183,1,280000,2,1,1,56,-2,-2,-2,-2,-2,-2,4320,4789,9957,12492,3464,3936,4811,9957,12492,3469,3936,3845,0
29202,1,20000,1,2,2,23,1,2,2,0,0,2,17081,16809,17541,18250,19463,19010,300,1305,1305,1518,0,1861,1
29223,1,10000,1,1,2,24,0,0,2,0,0,0,7760,8928,8386,7512,7615,7621,1471,1100,1107,600,264,544,0
29244,1,50000,1,2,2,25,0,0,0,0,-2,-2,43793,41739,20650,0,0,0,1651,1650,0,0,0,0,0
29246,1,50000,1,1,1,25,0,0,0,2,0,0,47053,5472,5891,6595,8400,4041,2000,1500,1000,2000,1000,1000,0
29253,1,60000,1,2,2,26,0,0,0,0,0,0,38815,40171,37274,30203,30809,33323,2023,1491,2000,1092,3000,1353,0
29288,1,60000,1,2,2,25,0,0,2,2,0,0,56473,61514,61748,58583,28301,29301,6000,1800,0,600,1000,300,0
29336,1,210000,1,2,2,27,0,0,0,0,0,0,90675,19357,18885,20258,21610,23025,1607,1700,2000,2000,2000,1000,0
29345,1,70000,1,1,2,27,0,0,0,0,0,0,43214,44196,45181,46426,47380,46923,2000,2000,2000,2000,2000,2000,0
29350,1,60000,1,1,2,27,0,0,0,0,0,0,5370,7268,10131,11644,14430,17180,2000,3000,2000,3000,3000,2000,0
29388,1,280000,1,1,2,27,-1,-1,-1,-1,0,0,1284,842,1212,3244,2134,1270,846,1216,3249,4,6,3412,0
29392,1,200000,1,1,2,29,1,-2,-1,2,0,-1,0,0,2348,1790,1790,350,0,2348,0,0,350,2570,1
29403,1,300000,1,1,2,29,-2,-2,-2,-2,-2,-1,2163,345,2541,730,1350,2100,345,2541,730,1350,2100,0,0
29422,1,140000,1,5,2,30,-2,-2,-2,-1,-1,0,2663,1823,1823,1769,84042,89381,1823,1823,1769,85096,9000,4000,0
29429,1,50000,1,2,2,26,0,0,0,0,0,0,45253,44840,45880,46893,47827,48829,1724,1764,1777,1711,1772,2043,0
29435,1,180000,1,1,2,28,0,-1,-1,0,-1,-1,9796,500,3866,6019,7602,7622,500,3866,3300,7602,7622,0,0
29443,1,150000,1,2,1,27,0,0,0,0,0,0,118533,119911,123914,126447,128773,134930,3375,5000,3583,3402,7226,5000,0
29448,1,50000,1,3,2,30,0,0,0,0,-1,-1,9610,9132,8681,8039,4952,390,1147,1169,1000,4986,390,390,1
29475,1,140000,1,1,2,31,0,0,0,0,0,0,128036,106657,45887,137487,111602,111552,4180,2800,100005,3800,3990,4285,0
29476,1,60000,1,3,1,34,0,0,0,0,0,0,43293,28305,22298,22161,18667,19381,1368,1396,1287,654,1000,644,0
29479,1,50000,1,3,1,42,0,0,2,2,0,0,18838,22834,23553,22876,23328,24955,4650,1380,0,832,2000,0,0
29507,1,100000,1,2,1,39,0,0,0,0,0,0,66177,70177,80914,86403,88972,91554,4000,10737,6849,4000,4000,2138,0
29519,1,120000,1,2,2,38,0,0,0,0,0,0,116399,117514,111003,84840,86954,83448,5000,5000,3000,3500,3000,82000,1
29521,1,50000,1,3,2,34,0,0,0,0,-2,-2,49093,50375,51400,0,0,0,2400,2400,0,0,0,0,1
29537,1,210000,1,1,2,35,0,0,-2,-2,-2,-2,103632,-36,-18,-18,-18,-18,0,0,0,0,0,0,0
29538,1,50000,1,2,1,49,0,0,0,0,0,-1,48481,48526,50056,49735,14240,890,2313,2313,2082,677,890,14441,1
29539,1,120000,1,2,1,34,2,2,2,2,2,2,115040,117371,119044,120086,120662,118345,6000,5600,4500,4300,0,4800,0
29541,1,10000,1,2,2,40,0,0,0,0,0,0,9649,10084,9421,9997,9799,10163,1500,1200,1137,329,500,251,1
29551,1,20000,1,2,2,30,2,2,2,2,0,0,13269,12391,12326,10621,10400,0,33,3317,0,1000,0,0,0
29553,1,290000,1,1,2,32,0,0,0,0,0,2,23561,52005,49188,68168,67465,44593,30020,2002,19982,1799,7,8210,0
29566,1,50000,1,3,1,47,1,-2,-1,0,0,0,-2012,-2012,47714,48685,18139,18519,0,50224,2195,649,672,749,0
29567,1,50000,1,2,1,41,0,0,0,0,0,0,45422,46291,16118,14237,14381,16026,1916,1243,1492,636,2000,2000,0
29572,1,570000,1,1,2,33,0,0,0,0,0,-2,388897,253793,261176,266800,0,0,9083,11472,12000,0,0,0,0
29582,1,380000,1,2,2,37,-1,-1,-1,-1,-1,0,2302,7281,2686,2281,5760,9239,7500,2700,2300,6000,6000,3000,0
29589,1,230000,1,2,1,35,0,0,0,0,0,0,149697,155697,165978,170563,173697,179697,6000,10281,8866,6000,6000,6000,0
29591,1,130000,1,1,1,40,2,2,0,0,0,0,80987,79085,82799,86407,88959,97487,0,5000,5000,4000,10000,3724,1
29599,1,70000,1,2,1,39,0,0,0,0,0,0,71059,71998,71229,70747,68154,69815,5000,4792,3000,3019,8010,7000,1
29617,1,280000,1,3,1,45,-2,-2,-2,-2,-2,-2,14493,1589,-7,1420,8036,12863,1596,0,1427,8076,12927,0,0
29619,1,420000,1,1,1,32,0,0,0,0,0,0,387143,24830,25419,10951,8126,8313,1585,1174,1133,291,318,277,0
29634,1,200000,1,2,2,31,-1,-1,2,-1,-1,-1,5433,20516,7973,6202,8549,6251,20710,23,6228,8574,6269,6411,0
29641,1,200000,1,2,1,37,-2,-1,-1,-1,0,0,500,598,1946,11900,6344,4747,598,1950,11921,4,3,1201,1
29643,1,110000,1,1,2,29,2,0,0,0,2,0,77831,79365,81485,86309,84028,86114,3430,4000,7100,0,3600,3142,1
29648,1,80000,1,2,2,29,-1,-1,-1,0,0,0,28175,0,68227,68040,69840,69840,0,68227,2000,2000,0,0,0
29657,1,240000,1,2,2,43,0,0,0,0,0,0,236238,225318,202513,198720,192574,195682,8763,7539,8267,7012,8010,8499,0
29658,1,20000,1,2,1,44,0,0,0,0,0,0,18015,18344,19672,19652,780,0,1400,1630,1000,0,0,0,1
29662,1,500000,1,1,1,37,-1,-1,-1,-1,-1,-1,14817,2480,122750,4599,10094,43150,3904,123000,10052,10105,43168,16915,0
29669,1,70000,1,2,1,42,4,4,4,4,4,4,59130,59831,61873,63359,64221,65706,2272,3614,3100,2500,3100,1000,1
29672,1,20000,1,1,2,37,0,0,0,0,0,0,14320,14595,16350,17322,18319,19297,2000,2000,2000,2000,2000,2000,0
29683,1,30000,1,2,1,30,0,0,0,0,0,0,28130,27836,28998,29480,29500,0,1750,2000,1200,1000,0,1500,0
29693,1,250000,1,1,2,29,0,0,0,0,0,0,240725,200603,150035,145876,100971,50333,10022,7004,5414,2500,1010,48440,0
29697,1,320000,1,1,1,40,-2,-2,-2,-2,-2,-2,968,6444,23384,4310,5980,13522,6476,23507,4336,6010,13589,3574,0
29705,1,240000,1,1,2,35,1,-2,-2,-2,-1,0,0,0,0,0,27670,28252,0,0,0,27670,920,920,0
29728,1,200000,1,1,2,34,-2,-2,-2,-2,-2,-2,485,1313,1144,933,1207,3149,1316,1147,935,1210,3158,2350,0
29733,1,10000,1,2,1,45,1,2,2,2,2,-2,6321,6075,10062,6267,-610,-220,0,4312,0,0,780,1150,0
29748,1,90000,1,1,2,31,2,2,2,0,0,2,90322,92257,89939,91176,91331,87588,4300,0,3656,7100,0,7200,1
29765,1,10000,1,3,2,36,0,0,0,0,0,0,6728,8050,9531,9904,9310,19000,1446,2017,1000,186,190,0,0
29773,1,250000,1,3,1,39,0,0,0,0,0,0,209263,199834,200957,205454,205710,210115,7127,7335,8871,8055,8426,5208,0
29813,1,200000,1,2,1,37,0,0,0,0,0,0,149303,156632,136685,137432,138059,126615,30000,30000,4148,15100,8029,15004,0
29832,1,120000,1,2,2,30,0,0,0,0,0,0,98440,100802,104378,106651,108362,96168,4000,5200,5500,5000,5000,5000,0
29834,1,20000,1,2,2,31,-1,-1,-1,2,-1,-1,390,390,780,390,806,19103,390,780,0,806,19103,1000,1
29868,1,340000,1,1,2,29,-1,0,0,0,0,0,44855,331641,331334,286660,263505,268256,300039,13214,12005,13005,10011,12005,0
29871,1,10000,1,2,2,30,0,0,0,0,0,0,9018,10015,10067,10105,9471,9669,1158,1210,1200,339,351,394,1
29881,1,140000,1,2,1,38,0,0,0,0,0,0,135261,137999,141532,75815,65099,66445,4494,5303,2806,1825,1880,1901,1
29925,1,50000,1,2,1,40,0,0,0,0,0,0,49073,49531,44002,44356,19344,19354,1691,1942,1296,674,693,1000,0
29938,1,320000,1,1,1,44,-2,-2,-2,-2,-2,-2,14075,6813,13482,2975,2029,888,6818,13482,2975,2029,888,1332,0
29939,1,30000,1,2,2,38,2,2,2,2,0,0,19992,21055,22120,21471,21598,23241,1700,1700,0,782,2000,1100,0
29968,1,50000,1,2,1,32,0,0,0,-1,2,0,50564,49710,0,50551,40590,39384,2686,0,50551,0,1600,1500,0
29978,1,420000,1,1,2,34,0,0,0,0,0,0,131939,136721,140011,141695,144839,147954,7000,7000,5500,5500,5600,5000,0
